{
  "config": "configs/cross_modal/ds006848_calibrated_detail_summary_amplitude_cohort_plus_sub025.toml",
  "source_branch": "eeg_clean_windows",
  "feature_view": "eeg_clean_detail_summary_windows",
  "haar_levels": 7,
  "detail_statistics": [
    "rms",
    "max_abs"
  ],
  "include_final_approx": true,
  "feature_dim": 945,
  "ridge_lambda": 1000.0,
  "candidate_ranks": [
    8,
    16,
    32,
    64,
    128,
    256,
    512
  ],
  "calibration_windows_per_subject": 32,
  "target_names": [
    "amplitude_range",
    "rising_edge_slope_max",
    "dominant_beat_amplitude"
  ],
  "aggregate_target_names": [
    "amplitude_range",
    "rising_edge_slope_max",
    "dominant_beat_amplitude"
  ],
  "reference_low_rank": {
    "config": "configs/cross_modal/ds006848_calibrated_low_rank_amplitude_cohort_plus_sub025.toml",
    "branch": "eeg_clean_windows",
    "rank": 64,
    "aggregate_model_relative_mse": 0.8690979983050514,
    "aggregate_delta_relative_mse": -0.1309020016949486
  },
  "ranks": {
    "8": {
      "per_target": {
        "amplitude_range": {
          "train_windows": 1024,
          "eval_windows": 1120,
          "calibration_windows_per_subject": 32,
          "model_mse": 1.0382018015922015e-05,
          "null_mse": 1.0371674130879814e-05,
          "relative_mse": 1.0009973206747216,
          "model_mae": 0.0019309270940657125,
          "null_mae": 0.0019287536245623674,
          "relative_mae": 1.0011268777285323,
          "model_corr": 0.7855884221807544,
          "null_corr": 0.7849094795288986,
          "delta_mse": 1.0343885042200435e-08,
          "beats_null_mse": false
        },
        "rising_edge_slope_max": {
          "train_windows": 1024,
          "eval_windows": 1120,
          "calibration_windows_per_subject": 32,
          "model_mse": 0.00022073562142542187,
          "null_mse": 0.00021863180104475486,
          "relative_mse": 1.009622664089184,
          "model_mae": 0.008914193982801577,
          "null_mae": 0.008855942946060428,
          "relative_mae": 1.0065776210501742,
          "model_corr": 0.7397438008740972,
          "null_corr": 0.7386386659534346,
          "delta_mse": 2.103820380667008e-06,
          "beats_null_mse": false
        },
        "dominant_beat_amplitude": {
          "train_windows": 1019,
          "eval_windows": 1113,
          "calibration_windows_per_subject": 32,
          "model_mse": 1.037387959665382e-05,
          "null_mse": 1.0268848005695048e-05,
          "relative_mse": 1.0102281766075922,
          "model_mae": 0.002051927758852963,
          "null_mae": 0.0020466328249746845,
          "relative_mae": 1.0025871440219591,
          "model_corr": 0.7680101052205325,
          "null_corr": 0.7703680730516568,
          "delta_mse": 1.0503159095877129e-07,
          "beats_null_mse": false
        }
      },
      "aggregate_model_relative_mse": 1.0069493871238326,
      "aggregate_null_relative_mse": 1.0,
      "aggregate_model_relative_mae": 1.0034305476002219,
      "aggregate_null_relative_mae": 1.0,
      "aggregate_delta_relative_mse": 0.00694938712383264,
      "beats_null_relative_mse": false
    },
    "16": {
      "per_target": {
        "amplitude_range": {
          "train_windows": 1024,
          "eval_windows": 1120,
          "calibration_windows_per_subject": 32,
          "model_mse": 1.0760535453681374e-05,
          "null_mse": 1.0371674130879814e-05,
          "relative_mse": 1.0374926282772223,
          "model_mae": 0.0019720733349008136,
          "null_mae": 0.0019287536245623674,
          "relative_mae": 1.0224599501910336,
          "model_corr": 0.7813659048206952,
          "null_corr": 0.7849094795288986,
          "delta_mse": 3.8886132280155986e-07,
          "beats_null_mse": false
        },
        "rising_edge_slope_max": {
          "train_windows": 1024,
          "eval_windows": 1120,
          "calibration_windows_per_subject": 32,
          "model_mse": 0.0002329476455117965,
          "null_mse": 0.00021863180104475486,
          "relative_mse": 1.0654792413483851,
          "model_mae": 0.009205767177829572,
          "null_mae": 0.008855942946060428,
          "relative_mae": 1.0395016356699502,
          "model_corr": 0.7328639515029601,
          "null_corr": 0.7386386659534346,
          "delta_mse": 1.4315844467041637e-05,
          "beats_null_mse": false
        },
        "dominant_beat_amplitude": {
          "train_windows": 1019,
          "eval_windows": 1113,
          "calibration_windows_per_subject": 32,
          "model_mse": 1.103641931331128e-05,
          "null_mse": 1.0268848005695048e-05,
          "relative_mse": 1.0747475575829482,
          "model_mae": 0.0021087160041216753,
          "null_mae": 0.0020466328249746845,
          "relative_mae": 1.0303343024647122,
          "model_corr": 0.7586891693374318,
          "null_corr": 0.7703680730516568,
          "delta_mse": 7.67571307616232e-07,
          "beats_null_mse": false
        }
      },
      "aggregate_model_relative_mse": 1.0592398090695185,
      "aggregate_null_relative_mse": 1.0,
      "aggregate_model_relative_mae": 1.0307652961085654,
      "aggregate_null_relative_mae": 1.0,
      "aggregate_delta_relative_mse": 0.059239809069518534,
      "beats_null_relative_mse": false
    },
    "32": {
      "per_target": {
        "amplitude_range": {
          "train_windows": 1024,
          "eval_windows": 1120,
          "calibration_windows_per_subject": 32,
          "model_mse": 1.062433885672648e-05,
          "null_mse": 1.0371674130879814e-05,
          "relative_mse": 1.0243610359001158,
          "model_mae": 0.001955704628574136,
          "null_mae": 0.0019287536245623674,
          "relative_mae": 1.0139732745896375,
          "model_corr": 0.7818714341162943,
          "null_corr": 0.7849094795288986,
          "delta_mse": 2.5266472584666616e-07,
          "beats_null_mse": false
        },
        "rising_edge_slope_max": {
          "train_windows": 1024,
          "eval_windows": 1120,
          "calibration_windows_per_subject": 32,
          "model_mse": 0.0002219461307249624,
          "null_mse": 0.00021863180104475486,
          "relative_mse": 1.0151594126031513,
          "model_mae": 0.008975310666737707,
          "null_mae": 0.008855942946060428,
          "relative_mae": 1.0134788267499375,
          "model_corr": 0.7386677339855743,
          "null_corr": 0.7386386659534346,
          "delta_mse": 3.314329680207534e-06,
          "beats_null_mse": false
        },
        "dominant_beat_amplitude": {
          "train_windows": 1019,
          "eval_windows": 1113,
          "calibration_windows_per_subject": 32,
          "model_mse": 1.1670066283811071e-05,
          "null_mse": 1.0268848005695048e-05,
          "relative_mse": 1.1364533078431889,
          "model_mae": 0.002138604401679613,
          "null_mae": 0.0020466328249746845,
          "relative_mae": 1.044937995512735,
          "model_corr": 0.7467313280312531,
          "null_corr": 0.7703680730516568,
          "delta_mse": 1.401218278116023e-06,
          "beats_null_mse": false
        }
      },
      "aggregate_model_relative_mse": 1.0586579187821519,
      "aggregate_null_relative_mse": 1.0,
      "aggregate_model_relative_mae": 1.0241300322841034,
      "aggregate_null_relative_mae": 1.0,
      "aggregate_delta_relative_mse": 0.058657918782151874,
      "beats_null_relative_mse": false
    },
    "64": {
      "per_target": {
        "amplitude_range": {
          "train_windows": 1024,
          "eval_windows": 1120,
          "calibration_windows_per_subject": 32,
          "model_mse": 1.0089018254435042e-05,
          "null_mse": 1.0371674130879814e-05,
          "relative_mse": 0.9727473238285405,
          "model_mae": 0.001883870624169881,
          "null_mae": 0.0019287536245623674,
          "relative_mae": 0.9767295315374092,
          "model_corr": 0.7833844650654059,
          "null_corr": 0.7849094795288986,