{
  "config": "configs/cross_modal/ds006848_morphology_baseline_expanded.toml",
  "ridge_lambda": 1000.0,
  "runtime_sec": 5.386339900000166,
  "peak_memory_mb": 984.9183559417725,
  "train_windows": 512,
  "eval_windows": 512,
  "target_names": [
    "mean_ibi_seconds",
    "amplitude_range",
    "rising_edge_slope_max",
    "dominant_beat_amplitude",
    "dominant_beat_rise_time_seconds",
    "dominant_beat_width_seconds"
  ],
  "aggregate_target_names": [
    "amplitude_range",
    "rising_edge_slope_max",
    "dominant_beat_amplitude",
    "dominant_beat_rise_time_seconds",
    "dominant_beat_width_seconds"
  ],
  "best_branch": "eeg_event_windows",
  "branches": {
    "eeg_event_windows": {
      "aggregate_model_mse_std": 71.10571754491,
      "aggregate_null_mse_std": 82.95455334898432,
      "aggregate_model_mae_std": 6.806873004942458,
      "aggregate_null_mae_std": 4.73660555858431,
      "beats_null_std_mse": true,
      "aggregate_target_names": [
        "amplitude_range",
        "rising_edge_slope_max",
        "dominant_beat_amplitude",
        "dominant_beat_rise_time_seconds",
        "dominant_beat_width_seconds"
      ],
      "per_target": {
        "mean_ibi_seconds": {
          "train_windows": 512,
          "eval_windows": 512,
          "model_mse": 6.400662838480301,
          "null_mse": 0.04031657913608804,
          "model_mae": 2.1829607633589743,
          "null_mae": 0.16379876055475506,
          "model_corr": -0.09269653527680166,
          "null_corr": 0.0,
          "model_mse_std": 370.2095143851563,
          "null_mse_std": 2.3318805505439864,
          "model_mae_std": 16.601878924159838,
          "null_mae_std": 1.2457242641746507,
          "beats_null_mse": false
        },
        "amplitude_range": {
          "train_windows": 512,
          "eval_windows": 512,
          "model_mse": 1.1983851129536696e-05,
          "null_mse": 2.980402833850895e-05,
          "model_mae": 0.0020478969072068986,
          "null_mae": 0.003554769134165525,
          "model_corr": 0.8139070918241323,
          "null_corr": 0.0,
          "model_mse_std": 80.20656596221995,
          "null_mse_std": 199.47500507417507,
          "model_mae_std": 5.298035313080774,
          "null_mae_std": 9.196406487250874,
          "beats_null_mse": true
        },
        "rising_edge_slope_max": {
          "train_windows": 512,
          "eval_windows": 512,
          "model_mse": 0.0005056801343482139,
          "null_mse": 0.00039739346636074403,
          "model_mae": 0.019867066420110498,
          "null_mae": 0.012567271981623662,
          "model_corr": -0.6860481901880783,
          "null_corr": 0.0,
          "model_mse_std": 98.64550889597547,
          "null_mse_std": 77.52149641317973,
          "model_mae_std": 8.774744025078402,
          "null_mae_std": 5.550622945552831,
          "beats_null_mse": false
        },
        "dominant_beat_amplitude": {
          "train_windows": 508,
          "eval_windows": 512,
          "model_mse": 1.0249561564237068e-05,
          "null_mse": 3.412537862775238e-05,
          "model_mae": 0.0022517556900891462,
          "null_mae": 0.0037886768679907235,
          "model_corr": 0.807164558222145,
          "null_corr": 0.0,
          "model_mse_std": 40.80348635662378,
          "null_mse_std": 135.8530716192406,
          "model_mae_std": 4.492801805415331,
          "null_mae_std": 7.559334410728249,
          "beats_null_mse": true
        },
        "dominant_beat_rise_time_seconds": {
          "train_windows": 508,
          "eval_windows": 512,
          "model_mse": 1.2533151656732884,
          "null_mse": 0.01860285788299619,
          "model_mae": 1.0416914047054693,
          "null_mae": 0.10610162930225758,
          "model_corr": -0.028813455661582707,
          "null_corr": 0.0,
          "model_mse_std": 69.80872448393109,
          "null_mse_std": 1.0361653765437113,
          "model_mae_std": 7.774344559321365,
          "null_mae_std": 0.7918569940916089,
          "beats_null_mse": false
        },
        "dominant_beat_width_seconds": {
          "train_windows": 508,
          "eval_windows": 512,
          "model_mse": 1.5520957459966715,
          "null_mse": 0.02083958733347155,
          "model_mae": 1.1793774181251475,
          "null_mae": 0.08963721568190207,
          "model_corr": 0.03306719104528786,
          "null_corr": 0.0,
          "model_mse_std": 66.06430202579972,
          "null_mse_std": 0.8870282617825349,
          "model_mae_std": 7.694439321816427,
          "null_mae_std": 0.584806955297986,
          "beats_null_mse": false
        }
      }
    },
    "eeg_clean_windows": {
      "aggregate_model_mse_std": 77.50699919789125,
      "aggregate_null_mse_std": 82.95455334898432,
      "aggregate_model_mae_std": 6.329595415551174,
      "aggregate_null_mae_std": 4.73660555858431,
      "beats_null_std_mse": true,
      "aggregate_target_names": [
        "amplitude_range",
        "rising_edge_slope_max",
        "dominant_beat_amplitude",
        "dominant_beat_rise_time_seconds",
        "dominant_beat_width_seconds"
      ],
      "per_target": {
        "mean_ibi_seconds": {
          "train_windows": 512,
          "eval_windows": 512,
          "model_mse": 2.588842450176404,
          "null_mse": 0.04031657913608804,
          "model_mae": 1.3814892111538222,
          "null_mae": 0.16379876055475506,
          "model_corr": -0.07849622463929967,
          "null_corr": 0.0,
          "model_mse_std": 149.73669610240543,
          "null_mse_std": 2.3318805505439864,
          "model_mae_std": 10.506518029814572,
          "null_mae_std": 1.2457242641746507,
          "beats_null_mse": false
        },
        "amplitude_range": {
          "train_windows": 512,
          "eval_windows": 512,
          "model_mse": 2.042822617481489e-05,
          "null_mse": 2.980402833850895e-05,
          "model_mae": 0.0028609091900178973,
          "null_mae": 0.003554769134165525,
          "model_corr": 0.7975245846549275,
          "null_corr": 0.0,
          "model_mse_std": 136.72381711610794,
          "null_mse_std": 199.47500507417507,
          "model_mae_std": 7.401348116153393,
          "null_mae_std": 9.196406487250874,
          "beats_null_mse": true
        },
        "rising_edge_slope_max": {
          "train_windows": 512,
          "eval_windows": 512,
          "model_mse": 0.00045572503088944804,
          "null_mse": 0.00039739346636074403,
          "model_mae": 0.01878538564269329,
          "null_mae": 0.012567271981623662,
          "model_corr": -0.7750138394229129,
          "null_corr": 0.0,
          "model_mse_std": 88.90052136746063,
          "null_mse_std": 77.52149641317973,
          "model_mae_std": 8.296994983625758,
          "null_mae_std": 5.550622945552831,
          "beats_null_mse": false
        },
        "dominant_beat_amplitude": {
          "train_windows": 508,
          "eval_windows": 512,
          "model_mse": 2.0245786736867134e-05,
          "null_mse": 3.412537862775238e-05,
          "model_mae": 0.002746675775298036,
          "null_mae": 0.0037886768679907235,
          "model_corr": 0.8048011125429598,
          "null_corr": 0.0,
          "model_mse_std": 80.5984409888623,
          "null_mse_std": 135.8530716192406,
          "model_mae_std": 5.4802880865201775,
          "null_mae_std": 7.559334410728249,
          "beats_null_mse": true
        },
        "dominant_beat_rise_time_seconds": {
          "train_windows": 508,
          "eval_windows": 512,
          "model_mse": 0.6033136797277007,
          "null_mse": 0.01860285788299619,
          "model_mae": 0.6426543930760211,
          "null_mae": 0.10610162930225758,
          "model_corr": -0.029940722341368065,
          "null_corr": 0.0,
          "model_mse_std": 33.60412416526727,
          "null_mse_std": 1.0361653765437113,
          "model_mae_std": 4.796254113037614,