{
  "config": "configs/cross_modal/ds006848_calibrated_detail_summary_amplitude_cohort_swap.toml",
  "source_branch": "eeg_clean_windows",
  "feature_view": "eeg_clean_detail_summary_windows",
  "haar_levels": 7,
  "detail_statistics": [
    "rms",
    "max_abs"
  ],
  "include_final_approx": true,
  "feature_dim": 945,
  "ridge_lambda": 1000.0,
  "candidate_ranks": [
    8,
    16,
    32,
    64,
    128,
    256,
    512
  ],
  "calibration_windows_per_subject": 32,
  "target_names": [
    "amplitude_range",
    "rising_edge_slope_max",
    "dominant_beat_amplitude"
  ],
  "aggregate_target_names": [
    "amplitude_range",
    "rising_edge_slope_max",
    "dominant_beat_amplitude"
  ],
  "reference_low_rank": {
    "config": "configs/cross_modal/ds006848_calibrated_low_rank_amplitude_cohort_swap.toml",
    "branch": "eeg_clean_windows",
    "rank": 64,
    "aggregate_model_relative_mse": 0.8680154514181079,
    "aggregate_delta_relative_mse": -0.13198454858189212
  },
  "ranks": {
    "8": {
      "per_target": {
        "amplitude_range": {
          "train_windows": 1024,
          "eval_windows": 896,
          "calibration_windows_per_subject": 32,
          "model_mse": 1.294951284743422e-05,
          "null_mse": 1.2937346848743157e-05,
          "relative_mse": 1.000940378180573,
          "model_mae": 0.0023474311956759738,
          "null_mae": 0.0023464643226621513,
          "relative_mae": 1.000412055280144,
          "model_corr": 0.7420906811176167,
          "null_corr": 0.7412546699624231,
          "delta_mse": 1.2165998691063024e-08,
          "beats_null_mse": false
        },
        "rising_edge_slope_max": {
          "train_windows": 1024,
          "eval_windows": 896,
          "calibration_windows_per_subject": 32,
          "model_mse": 0.0002752986062449173,
          "null_mse": 0.00027266469415654154,
          "relative_mse": 1.009659894166069,
          "model_mae": 0.010838369054987144,
          "null_mae": 0.010765619757226627,
          "relative_mae": 1.006757557799836,
          "model_corr": 0.6801989990541912,
          "null_corr": 0.6788692503092139,
          "delta_mse": 2.633912088375787e-06,
          "beats_null_mse": false
        },
        "dominant_beat_amplitude": {
          "train_windows": 1019,
          "eval_windows": 892,
          "calibration_windows_per_subject": 32,
          "model_mse": 1.2905126873644975e-05,
          "null_mse": 1.2774232621315212e-05,
          "relative_mse": 1.0102467409362306,
          "model_mae": 0.002484060205196324,
          "null_mae": 0.002479200986182464,
          "relative_mae": 1.0019599939823123,
          "model_corr": 0.7106837401878616,
          "null_corr": 0.7136203781087865,
          "delta_mse": 1.3089425232976242e-07,
          "beats_null_mse": false
        }
      },
      "aggregate_model_relative_mse": 1.0069490044276244,
      "aggregate_null_relative_mse": 1.0,
      "aggregate_model_relative_mae": 1.0030432023540974,
      "aggregate_null_relative_mae": 1.0,
      "aggregate_delta_relative_mse": 0.006949004427624361,
      "beats_null_relative_mse": false
    },
    "16": {
      "per_target": {
        "amplitude_range": {
          "train_windows": 1024,
          "eval_windows": 896,
          "calibration_windows_per_subject": 32,
          "model_mse": 1.3423191692731612e-05,
          "null_mse": 1.2937346848743157e-05,
          "relative_mse": 1.037553669208123,
          "model_mae": 0.0024017343374423713,
          "null_mae": 0.0023464643226621513,
          "relative_mae": 1.0235545941382624,
          "model_corr": 0.736846490706143,
          "null_corr": 0.7412546699624231,
          "delta_mse": 4.858448439884551e-07,
          "beats_null_mse": false
        },
        "rising_edge_slope_max": {
          "train_windows": 1024,
          "eval_windows": 896,
          "calibration_windows_per_subject": 32,
          "model_mse": 0.0002905382226657481,
          "null_mse": 0.00027266469415654154,
          "relative_mse": 1.0655513122610039,
          "model_mae": 0.011204947662411039,
          "null_mae": 0.010765619757226627,
          "relative_mae": 1.0408084174521866,
          "model_corr": 0.6713727979317596,
          "null_corr": 0.6788692503092139,
          "delta_mse": 1.787352850920657e-05,
          "beats_null_mse": false
        },
        "dominant_beat_amplitude": {
          "train_windows": 1019,
          "eval_windows": 892,
          "calibration_windows_per_subject": 32,
          "model_mse": 1.3731374867114322e-05,
          "null_mse": 1.2774232621315212e-05,
          "relative_mse": 1.0749275728862189,
          "model_mae": 0.002556476563448282,
          "null_mae": 0.002479200986182464,
          "relative_mae": 1.0311695492606308,
          "model_corr": 0.699208179815347,
          "null_corr": 0.7136203781087865,
          "delta_mse": 9.571422457991099e-07,
          "beats_null_mse": false
        }
      },
      "aggregate_model_relative_mse": 1.0593441847851153,
      "aggregate_null_relative_mse": 1.0,
      "aggregate_model_relative_mae": 1.0318441869503598,
      "aggregate_null_relative_mae": 1.0,
      "aggregate_delta_relative_mse": 0.05934418478511527,
      "beats_null_relative_mse": false
    },
    "32": {
      "per_target": {
        "amplitude_range": {
          "train_windows": 1024,
          "eval_windows": 896,
          "calibration_windows_per_subject": 32,
          "model_mse": 1.3252983157241521e-05,
          "null_mse": 1.2937346848743157e-05,
          "relative_mse": 1.0243972981623375,
          "model_mae": 0.0023823581841558084,
          "null_mae": 0.0023464643226621513,
          "relative_mae": 1.0152969986148923,
          "model_corr": 0.7371348983499509,
          "null_corr": 0.7412546699624231,
          "delta_mse": 3.156363084983637e-07,
          "beats_null_mse": false
        },
        "rising_edge_slope_max": {
          "train_windows": 1024,
          "eval_windows": 896,
          "calibration_windows_per_subject": 32,
          "model_mse": 0.00027676339928537193,
          "null_mse": 0.00027266469415654154,
          "relative_mse": 1.0150320346442698,
          "model_mae": 0.0109196868320281,
          "null_mae": 0.010765619757226627,
          "relative_mae": 1.0143110269799425,
          "model_corr": 0.6780269450207852,
          "null_corr": 0.6788692503092139,
          "delta_mse": 4.098705128830393e-06,
          "beats_null_mse": false
        },
        "dominant_beat_amplitude": {
          "train_windows": 1019,
          "eval_windows": 892,
          "calibration_windows_per_subject": 32,
          "model_mse": 1.4520257468248176e-05,
          "null_mse": 1.2774232621315212e-05,
          "relative_mse": 1.1366833451912821,
          "model_mae": 0.0025948672425177293,
          "null_mae": 0.002479200986182464,
          "relative_mae": 1.0466546508249706,
          "model_corr": 0.6842385365067877,
          "null_corr": 0.7136203781087865,
          "delta_mse": 1.746024846932964e-06,
          "beats_null_mse": false
        }
      },
      "aggregate_model_relative_mse": 1.0587042259992965,
      "aggregate_null_relative_mse": 1.0,
      "aggregate_model_relative_mae": 1.025420892139935,
      "aggregate_null_relative_mae": 1.0,
      "aggregate_delta_relative_mse": 0.05870422599929648,
      "beats_null_relative_mse": false
    },
    "64": {
      "per_target": {
        "amplitude_range": {
          "train_windows": 1024,
          "eval_windows": 896,
          "calibration_windows_per_subject": 32,
          "model_mse": 1.2584059402728232e-05,
          "null_mse": 1.2937346848743157e-05,
          "relative_mse": 0.9726924345350417,
          "model_mae": 0.0022950533337630047,
          "null_mae": 0.0023464643226621513,
          "relative_mae": 0.9780900189265103,
          "model_corr": 0.7394115967917708,
          "null_corr": 0.7412546699624231,