{
  "config": "configs/cross_modal/ds006848_calibrated_haar_amplitude_cohort_plus_sub025.toml",
  "source_branch": "eeg_clean_windows",
  "feature_view": "eeg_clean_haar_windows",
  "haar_levels": 7,
  "ridge_lambda": 1000.0,
  "candidate_ranks": [
    8,
    16,
    32,
    64,
    128,
    256,
    512
  ],
  "calibration_windows_per_subject": 32,
  "target_names": [
    "amplitude_range",
    "rising_edge_slope_max",
    "dominant_beat_amplitude"
  ],
  "aggregate_target_names": [
    "amplitude_range",
    "rising_edge_slope_max",
    "dominant_beat_amplitude"
  ],
  "reference_low_rank": {
    "config": "configs/cross_modal/ds006848_calibrated_low_rank_amplitude_cohort_plus_sub025.toml",
    "branch": "eeg_clean_windows",
    "rank": 64,
    "aggregate_model_relative_mse": 0.8690979983050514,
    "aggregate_delta_relative_mse": -0.1309020016949486
  },
  "ranks": {
    "8": {
      "per_target": {
        "amplitude_range": {
          "train_windows": 1024,
          "eval_windows": 1120,
          "calibration_windows_per_subject": 32,
          "model_mse": 1.0669172330053557e-05,
          "null_mse": 1.0371674130879814e-05,
          "relative_mse": 1.0286837202383745,
          "model_mae": 0.0019396838835192228,
          "null_mae": 0.0019287536245623674,
          "relative_mae": 1.0056670063079391,
          "model_corr": 0.7795859620780233,
          "null_corr": 0.7849094795288986,
          "delta_mse": 2.974981991737426e-07,
          "beats_null_mse": false
        },
        "rising_edge_slope_max": {
          "train_windows": 1024,
          "eval_windows": 1120,
          "calibration_windows_per_subject": 32,
          "model_mse": 0.000218227713326241,
          "null_mse": 0.00021863180104475486,
          "relative_mse": 0.9981517431746759,
          "model_mae": 0.008845538058875405,
          "null_mae": 0.008855942946060428,
          "relative_mae": 0.9988250955038445,
          "model_corr": 0.7385540651486099,
          "null_corr": 0.7386386659534346,
          "delta_mse": -4.0408771851386757e-07,
          "beats_null_mse": true
        },
        "dominant_beat_amplitude": {
          "train_windows": 1019,
          "eval_windows": 1113,
          "calibration_windows_per_subject": 32,
          "model_mse": 1.0509084889591525e-05,
          "null_mse": 1.0268848005695048e-05,
          "relative_mse": 1.0233947258507714,
          "model_mae": 0.002062246459872127,
          "null_mae": 0.0020466328249746845,
          "relative_mae": 1.0076289379838494,
          "model_corr": 0.7679060849822473,
          "null_corr": 0.7703680730516568,
          "delta_mse": 2.402368838964767e-07,
          "beats_null_mse": false
        }
      },
      "aggregate_model_relative_mse": 1.0167433964212738,
      "aggregate_null_relative_mse": 1.0,
      "aggregate_model_relative_mae": 1.0040403465985444,
      "aggregate_null_relative_mae": 1.0,
      "aggregate_delta_relative_mse": 0.01674339642127376,
      "beats_null_relative_mse": false
    },
    "16": {
      "per_target": {
        "amplitude_range": {
          "train_windows": 1024,
          "eval_windows": 1120,
          "calibration_windows_per_subject": 32,
          "model_mse": 1.1381178317383564e-05,
          "null_mse": 1.0371674130879814e-05,
          "relative_mse": 1.0973328098978863,
          "model_mae": 0.0019619048641663908,
          "null_mae": 0.0019287536245623674,
          "relative_mae": 1.017187907870579,
          "model_corr": 0.7706870776019612,
          "null_corr": 0.7849094795288986,
          "delta_mse": 1.00950418650375e-06,
          "beats_null_mse": false
        },
        "rising_edge_slope_max": {
          "train_windows": 1024,
          "eval_windows": 1120,
          "calibration_windows_per_subject": 32,
          "model_mse": 0.0002310080911477783,
          "null_mse": 0.00021863180104475486,
          "relative_mse": 1.056607913596659,
          "model_mae": 0.008923841063455342,
          "null_mae": 0.008855942946060428,
          "relative_mae": 1.0076669551518642,
          "model_corr": 0.727293539662834,
          "null_corr": 0.7386386659534346,
          "delta_mse": 1.237629010302345e-05,
          "beats_null_mse": false
        },
        "dominant_beat_amplitude": {
          "train_windows": 1019,
          "eval_windows": 1113,
          "calibration_windows_per_subject": 32,
          "model_mse": 1.1336431001607011e-05,
          "null_mse": 1.0268848005695048e-05,
          "relative_mse": 1.103963267868011,
          "model_mae": 0.0020863387296087737,
          "null_mae": 0.0020466328249746845,
          "relative_mae": 1.0194005999266529,
          "model_corr": 0.7563952621579569,
          "null_corr": 0.7703680730516568,
          "delta_mse": 1.067582995911963e-06,
          "beats_null_mse": false
        }
      },
      "aggregate_model_relative_mse": 1.085967997120852,
      "aggregate_null_relative_mse": 1.0,
      "aggregate_model_relative_mae": 1.014751820983032,
      "aggregate_null_relative_mae": 1.0,
      "aggregate_delta_relative_mse": 0.08596799712085201,
      "beats_null_relative_mse": false
    },
    "32": {
      "per_target": {
        "amplitude_range": {
          "train_windows": 1024,
          "eval_windows": 1120,
          "calibration_windows_per_subject": 32,
          "model_mse": 1.1430691757682294e-05,
          "null_mse": 1.0371674130879814e-05,
          "relative_mse": 1.1021067200375534,
          "model_mae": 0.001953822385542224,
          "null_mae": 0.0019287536245623674,
          "relative_mae": 1.0129973889151056,
          "model_corr": 0.7668886377008329,
          "null_corr": 0.7849094795288986,
          "delta_mse": 1.0590176268024796e-06,
          "beats_null_mse": false
        },
        "rising_edge_slope_max": {
          "train_windows": 1024,
          "eval_windows": 1120,
          "calibration_windows_per_subject": 32,
          "model_mse": 0.00023044843800900479,
          "null_mse": 0.00021863180104475486,
          "relative_mse": 1.0540481160919084,
          "model_mae": 0.008891156380084446,
          "null_mae": 0.008855942946060428,
          "relative_mae": 1.003976248970719,
          "model_corr": 0.7245635224707047,
          "null_corr": 0.7386386659534346,
          "delta_mse": 1.1816636964249923e-05,
          "beats_null_mse": false
        },
        "dominant_beat_amplitude": {
          "train_windows": 1019,
          "eval_windows": 1113,
          "calibration_windows_per_subject": 32,
          "model_mse": 1.0378630697017728e-05,
          "null_mse": 1.0268848005695048e-05,
          "relative_mse": 1.0106908478206897,
          "model_mae": 0.0020572982647154322,
          "null_mae": 0.0020466328249746845,
          "relative_mae": 1.0052112130767177,
          "model_corr": 0.7681823361688777,
          "null_corr": 0.7703680730516568,
          "delta_mse": 1.0978269132267994e-07,
          "beats_null_mse": false
        }
      },
      "aggregate_model_relative_mse": 1.0556152279833837,
      "aggregate_null_relative_mse": 1.0,
      "aggregate_model_relative_mae": 1.0073949503208472,
      "aggregate_null_relative_mae": 1.0,
      "aggregate_delta_relative_mse": 0.0556152279833837,
      "beats_null_relative_mse": false
    },
    "64": {
      "per_target": {
        "amplitude_range": {
          "train_windows": 1024,
          "eval_windows": 1120,
          "calibration_windows_per_subject": 32,
          "model_mse": 2.061528003481276e-05,
          "null_mse": 1.0371674130879814e-05,
          "relative_mse": 1.987652116203153,
          "model_mae": 0.0020475167348085266,
          "null_mae": 0.0019287536245623674,
          "relative_mae": 1.0615750548611964,
          "model_corr": 0.648233569642842,
          "null_corr": 0.7849094795288986,
          "delta_mse": 1.0243605903932946e-05,
          "beats_null_mse": false
        },