{
  "config": "configs/cross_modal/ds006848_calibrated_rbf_amplitude_cohort_plus_sub025.toml",
  "kernel": "rbf_median",
  "ridge_lambda": 1000.0,
  "gamma_scale": 1.0,
  "calibration_windows_per_subject": 32,
  "target_names": [
    "amplitude_range",
    "rising_edge_slope_max",
    "dominant_beat_amplitude"
  ],
  "aggregate_target_names": [
    "amplitude_range",
    "rising_edge_slope_max",
    "dominant_beat_amplitude"
  ],
  "reference_linear": {
    "config": "configs/cross_modal/ds006848_calibrated_absolute_amplitude_cohort_plus_sub025.toml",
    "best_branch": "eeg_clean_windows",
    "best_branch_aggregate_relative_mse": 0.8753205122083627,
    "best_branch_aggregate_delta_relative_mse": -0.12467948779163729
  },
  "modes": {
    "calibrated_absolute": {
      "branches": {
        "eeg_event_windows": {
          "per_target": {
            "amplitude_range": {
              "train_windows": 1024,
              "eval_windows": 1120,
              "calibration_windows_per_subject": 32,
              "gamma": 1.3811049964450494e-05,
              "median_squared_distance": 72405.79120153718,
              "model_mse": 1.0355745129553569e-05,
              "null_mse": 1.0371674130879814e-05,
              "relative_mse": 0.9984641822404717,
              "model_mae": 0.0019265612103019137,
              "null_mae": 0.0019287536245623674,
              "relative_mae": 0.9988632999920085,
              "model_corr": 0.7846441316260763,
              "null_corr": 0.7849094795288986,
              "delta_mse": -1.5929001326245526e-08,
              "beats_null_mse": true,
              "per_subject": {
                "sub-002": {
                  "calibration_windows": 32,
                  "eval_windows": 224,
                  "model_mse": 9.468598035494716e-06,
                  "null_mse": 9.517243178564756e-06,
                  "relative_mse": 0.9948887359335736,
                  "delta_mse": -4.864514307003926e-08
                },
                "sub-007": {
                  "calibration_windows": 32,
                  "eval_windows": 224,
                  "model_mse": 1.2330513580939413e-07,
                  "null_mse": 1.2297536664023425e-07,
                  "relative_mse": 1.002681587200505,
                  "delta_mse": 3.2976916915987733e-10
                },
                "sub-012": {
                  "calibration_windows": 32,
                  "eval_windows": 224,
                  "model_mse": 4.166951635583227e-05,
                  "null_mse": 4.170052008766276e-05,
                  "relative_mse": 0.9992565145047276,
                  "delta_mse": -3.100373183049154e-08
                },
                "sub-025": {
                  "calibration_windows": 32,
                  "eval_windows": 224,
                  "model_mse": 1.0867944976079465e-07,
                  "null_mse": 1.0898325942644423e-07,
                  "relative_mse": 0.9972123272211855,
                  "delta_mse": -3.0380966564958583e-10
                },
                "sub-035": {
                  "calibration_windows": 32,
                  "eval_windows": 224,
                  "model_mse": 4.086266708706755e-07,
                  "null_mse": 4.0864876210488074e-07,
                  "relative_mse": 0.9999459407778665,
                  "delta_mse": -2.2091234205229662e-11
                }
              }
            },
            "rising_edge_slope_max": {
              "train_windows": 1024,
              "eval_windows": 1120,
              "calibration_windows_per_subject": 32,
              "gamma": 1.3811049964450494e-05,
              "median_squared_distance": 72405.79120153718,
              "model_mse": 0.00021851675463161182,
              "null_mse": 0.00021863180104475486,
              "relative_mse": 0.999473789208188,
              "model_mae": 0.00885237426870979,
              "null_mae": 0.008855942946060428,
              "relative_mae": 0.9995970302233907,
              "model_corr": 0.7384446007904546,
              "null_corr": 0.7386386659534346,
              "delta_mse": -1.1504641314304467e-07,
              "beats_null_mse": true,
              "per_subject": {
                "sub-002": {
                  "calibration_windows": 32,
                  "eval_windows": 224,
                  "model_mse": 0.0001578286355441727,
                  "null_mse": 0.0001581922985878245,
                  "relative_mse": 0.9977011330709636,
                  "delta_mse": -3.6366304365179894e-07
                },
                "sub-007": {
                  "calibration_windows": 32,
                  "eval_windows": 224,
                  "model_mse": 1.6532492805327566e-06,
                  "null_mse": 1.6478599762029756e-06,
                  "relative_mse": 1.0032704868178175,
                  "delta_mse": 5.389304329780989e-09
                },
                "sub-012": {
                  "calibration_windows": 32,
                  "eval_windows": 224,
                  "model_mse": 0.0009170346055151836,
                  "null_mse": 0.0009172364999538984,
                  "relative_mse": 0.9997798883507962,
                  "delta_mse": -2.018944387147375e-07
                },
                "sub-025": {
                  "calibration_windows": 32,
                  "eval_windows": 224,
                  "model_mse": 2.4994766216317106e-06,
                  "null_mse": 2.5002285976083e-06,
                  "relative_mse": 0.999699237110835,
                  "delta_mse": -7.51975976589622e-10
                },
                "sub-035": {
                  "calibration_windows": 32,
                  "eval_windows": 224,
                  "model_mse": 1.3567806196538336e-05,
                  "null_mse": 1.3582118108240246e-05,
                  "relative_mse": 0.9989462680571725,
                  "delta_mse": -1.4311911701909652e-08
                }
              }
            },
            "dominant_beat_amplitude": {
              "train_windows": 1019,
              "eval_windows": 1113,
              "calibration_windows_per_subject": 32,
              "gamma": 1.3821728387611054e-05,
              "median_squared_distance": 72349.85176646493,
              "model_mse": 1.0246761165869614e-05,
              "null_mse": 1.0268848005695048e-05,
              "relative_mse": 0.9978491414213955,
              "model_mae": 0.0020443340142892747,
              "null_mae": 0.0020466328249746845,
              "relative_mae": 0.9988767840242969,
              "model_corr": 0.7703175978450967,
              "null_corr": 0.7703680730516568,
              "delta_mse": -2.2086839825434854e-08,
              "beats_null_mse": true,
              "per_subject": {
                "sub-002": {
                  "calibration_windows": 32,
                  "eval_windows": 220,
                  "model_mse": 1.917065836460475e-05,
                  "null_mse": 1.9255405052673014e-05,
                  "relative_mse": 0.995598810420428,
                  "delta_mse": -8.474668806826341e-08
                },
                "sub-007": {
                  "calibration_windows": 32,
                  "eval_windows": 224,
                  "model_mse": 2.536853515351305e-07,
                  "null_mse": 2.5312033928261206e-07,
                  "relative_mse": 1.00223218827108,
                  "delta_mse": 5.650122525184376e-10
                },
                "sub-012": {
                  "calibration_windows": 32,
                  "eval_windows": 224,
                  "model_mse": 3.090751104717329e-05,
                  "null_mse": 3.093456608132571e-05,
                  "relative_mse": 0.999125410905028,
                  "delta_mse": -2.705503415241793e-08
                },
                "sub-025": {
                  "calibration_windows": 32,
                  "eval_windows": 221,
                  "model_mse": 1.5651786026338645e-07,