{
  "config": "configs/cross_modal/ds006848_morphology_baseline_cohort_swap.toml",
  "ridge_lambda": 1000.0,
  "runtime_sec": 10.980450200033374,
  "peak_memory_mb": 1969.335304260254,
  "train_windows": 1024,
  "eval_windows": 1024,
  "target_names": [
    "mean_ibi_seconds",
    "amplitude_range",
    "rising_edge_slope_max",
    "dominant_beat_amplitude",
    "dominant_beat_rise_time_seconds",
    "dominant_beat_width_seconds"
  ],
  "aggregate_target_names": [
    "amplitude_range",
    "rising_edge_slope_max",
    "dominant_beat_amplitude",
    "dominant_beat_rise_time_seconds",
    "dominant_beat_width_seconds"
  ],
  "best_branch": "eeg_clean_windows",
  "branches": {
    "eeg_event_windows": {
      "aggregate_model_mse_std": 5.831045277594218,
      "aggregate_null_mse_std": 2.652097772100175,
      "aggregate_model_mae_std": 1.8970404456299477,
      "aggregate_null_mae_std": 1.1184153408533104,
      "beats_null_std_mse": false,
      "aggregate_target_names": [
        "amplitude_range",
        "rising_edge_slope_max",
        "dominant_beat_amplitude",
        "dominant_beat_rise_time_seconds",
        "dominant_beat_width_seconds"
      ],
      "per_target": {
        "mean_ibi_seconds": {
          "train_windows": 1024,
          "eval_windows": 1024,
          "model_mse": 0.04510650096519619,
          "null_mse": 0.027992801268540216,
          "model_mae": 0.1797359866784478,
          "null_mae": 0.1396298885251781,
          "model_corr": 0.48470066520578836,
          "null_corr": 0.0,
          "model_mse_std": 2.1512977055305216,
          "null_mse_std": 1.3350813707950517,
          "model_mae_std": 1.241268480855837,
          "null_mae_std": 0.9642931435972713,
          "beats_null_mse": false
        },
        "amplitude_range": {
          "train_windows": 1024,
          "eval_windows": 1024,
          "model_mse": 1.8141766649343985e-05,
          "null_mse": 1.6159190396249137e-05,
          "model_mae": 0.0030372360925967653,
          "null_mae": 0.0027408146906110487,
          "model_corr": 0.49160533421695135,
          "null_corr": 0.0,
          "model_mse_std": 4.479200568065787,
          "null_mse_std": 3.9897026679581744,
          "model_mae_std": 1.5091729716752518,
          "null_mae_std": 1.3618840700342685,
          "beats_null_mse": false
        },
        "rising_edge_slope_max": {
          "train_windows": 1024,
          "eval_windows": 1024,
          "model_mse": 0.0009087705499764368,
          "null_mse": 0.00021154979682143588,
          "model_mae": 0.027271730432600727,
          "null_mae": 0.010080506677968337,
          "model_corr": 0.412900241396922,
          "null_corr": 0.0,
          "model_mse_std": 12.604938653627922,
          "null_mse_std": 2.9342634520790654,
          "model_mae_std": 3.211855078399275,
          "null_mae_std": 1.1872047007243323,
          "beats_null_mse": false
        },
        "dominant_beat_amplitude": {
          "train_windows": 1019,
          "eval_windows": 1020,
          "model_mse": 1.8920132445196827e-05,
          "null_mse": 1.879406210557972e-05,
          "model_mae": 0.0033399310981575355,
          "null_mae": 0.002921425952639048,
          "model_corr": 0.5926310411890499,
          "null_corr": 0.0,
          "model_mse_std": 3.3360092373673313,
          "null_mse_std": 3.3137804385606158,
          "model_mae_std": 1.402455350543797,
          "null_mae_std": 1.2267227490879486,
          "beats_null_mse": false
        },
        "dominant_beat_rise_time_seconds": {
          "train_windows": 1019,
          "eval_windows": 1020,
          "model_mse": 0.056562479545977866,
          "null_mse": 0.021067918160466343,
          "model_mae": 0.1860036411430501,
          "null_mae": 0.11462468911755086,
          "model_corr": -0.04694246961876434,
          "null_corr": 0.0,
          "model_mse_std": 4.38700451265222,
          "null_mse_std": 1.634034660150004,
          "model_mae_std": 1.63810323022454,
          "null_mae_std": 1.0094806335674762,
          "beats_null_mse": false
        },
        "dominant_beat_width_seconds": {
          "train_windows": 1019,
          "eval_windows": 1020,
          "model_mse": 0.07350650625540382,
          "null_mse": 0.02347684530205093,
          "model_mae": 0.22410671614577823,
          "null_mae": 0.1048991646462314,
          "model_corr": 0.05007525956204434,
          "null_corr": 0.0,
          "model_mse_std": 4.348073416257827,
          "null_mse_std": 1.3887076417530146,
          "model_mae_std": 1.7236155973068756,
          "null_mae_std": 0.806784550852527,
          "beats_null_mse": false
        }
      }
    },
    "eeg_clean_windows": {
      "aggregate_model_mse_std": 4.279015285306721,
      "aggregate_null_mse_std": 2.652097772100175,
      "aggregate_model_mae_std": 1.672082349992897,
      "aggregate_null_mae_std": 1.1184153408533104,
      "beats_null_std_mse": false,
      "aggregate_target_names": [
        "amplitude_range",
        "rising_edge_slope_max",
        "dominant_beat_amplitude",
        "dominant_beat_rise_time_seconds",
        "dominant_beat_width_seconds"
      ],
      "per_target": {
        "mean_ibi_seconds": {
          "train_windows": 1024,
          "eval_windows": 1024,
          "model_mse": 0.025291592926824685,
          "null_mse": 0.027992801268540216,
          "model_mae": 0.13367107612930174,
          "null_mae": 0.1396298885251781,
          "model_corr": 0.5413236142181213,
          "null_corr": 0.0,
          "model_mse_std": 1.206250643885502,
          "null_mse_std": 1.3350813707950517,
          "model_mae_std": 0.9231411954147022,
          "null_mae_std": 0.9642931435972713,
          "beats_null_mse": true
        },
        "amplitude_range": {
          "train_windows": 1024,
          "eval_windows": 1024,
          "model_mse": 2.435194668248946e-05,
          "null_mse": 1.6159190396249137e-05,
          "model_mae": 0.0042212386872029165,
          "null_mae": 0.0027408146906110487,
          "model_corr": -0.7152927774838385,
          "null_corr": 0.0,
          "model_mse_std": 6.012493464502743,
          "null_mse_std": 3.9897026679581744,
          "model_mae_std": 2.0974923053379984,
          "null_mae_std": 1.3618840700342685,
          "beats_null_mse": false
        },
        "rising_edge_slope_max": {
          "train_windows": 1024,
          "eval_windows": 1024,
          "model_mse": 0.0003751740056726629,
          "null_mse": 0.00021154979682143588,
          "model_mae": 0.015474096182680502,
          "null_mae": 0.010080506677968337,
          "model_corr": -0.6944526775654403,
          "null_corr": 0.0,
          "model_mse_std": 5.203783646006561,
          "null_mse_std": 2.9342634520790654,
          "model_mae_std": 1.8224202725533318,
          "null_mae_std": 1.1872047007243323,
          "beats_null_mse": false
        },
        "dominant_beat_amplitude": {
          "train_windows": 1019,
          "eval_windows": 1020,
          "model_mse": 2.752984403436611e-05,
          "null_mse": 1.879406210557972e-05,
          "model_mae": 0.0044731349360679715,
          "null_mae": 0.002921425952639048,
          "model_corr": -0.634717898270313,
          "null_corr": 0.0,
          "model_mse_std": 4.854078810914575,
          "null_mse_std": 3.3137804385606158,
          "model_mae_std": 1.8782938451196196,
          "null_mae_std": 1.2267227490879486,
          "beats_null_mse": false
        },
        "dominant_beat_rise_time_seconds": {
          "train_windows": 1019,
          "eval_windows": 1020,
          "model_mse": 0.03965390145322575,
          "null_mse": 0.021067918160466343,
          "model_mae": 0.1580859439297528,
          "null_mae": 0.11462468911755086,
          "model_corr": -0.0814085753039603,
          "null_corr": 0.0,
          "model_mse_std": 3.0755696358424243,
          "null_mse_std": 1.634034660150004,