{
  "config": "configs/cross_modal/ds006848_morphology_baseline_broader.toml",
  "ridge_lambda": 1000.0,
  "runtime_sec": 9.654673500001081,
  "peak_memory_mb": 1938.089958190918,
  "train_windows": 1024,
  "eval_windows": 959,
  "target_names": [
    "mean_ibi_seconds",
    "amplitude_range",
    "rising_edge_slope_max",
    "dominant_beat_amplitude",
    "dominant_beat_rise_time_seconds",
    "dominant_beat_width_seconds"
  ],
  "aggregate_target_names": [
    "amplitude_range",
    "rising_edge_slope_max",
    "dominant_beat_amplitude",
    "dominant_beat_rise_time_seconds",
    "dominant_beat_width_seconds"
  ],
  "best_branch": "eeg_clean_windows",
  "branches": {
    "eeg_event_windows": {
      "aggregate_model_mse_std": 49.13683377427692,
      "aggregate_null_mse_std": 2.2225604093147027,
      "aggregate_model_mae_std": 4.257710465413567,
      "aggregate_null_mae_std": 1.090043009851906,
      "beats_null_std_mse": false,
      "aggregate_target_names": [
        "amplitude_range",
        "rising_edge_slope_max",
        "dominant_beat_amplitude",
        "dominant_beat_rise_time_seconds",
        "dominant_beat_width_seconds"
      ],
      "per_target": {
        "mean_ibi_seconds": {
          "train_windows": 1024,
          "eval_windows": 959,
          "model_mse": 1.049565844136437,
          "null_mse": 0.02154120173740605,
          "model_mae": 0.5971194882177024,
          "null_mae": 0.11916931081153292,
          "model_corr": -0.3250057627997007,
          "null_corr": 0.0,
          "model_mse_std": 50.05771992902135,
          "null_mse_std": 1.0273804635790411,
          "model_mae_std": 4.123746244292202,
          "null_mae_std": 0.8229910555436131,
          "beats_null_mse": false
        },
        "amplitude_range": {
          "train_windows": 1024,
          "eval_windows": 959,
          "model_mse": 0.0003093930974808608,
          "null_mse": 1.3584353411776375e-05,
          "model_mae": 0.010532578635783007,
          "null_mae": 0.002688233148797383,
          "model_corr": -0.26097108053956625,
          "null_corr": 0.0,
          "model_mse_std": 76.38912818019392,
          "null_mse_std": 3.353975646083807,
          "model_mae_std": 5.233535528539581,
          "null_mae_std": 1.3357568150909922,
          "beats_null_mse": false
        },
        "rising_edge_slope_max": {
          "train_windows": 1024,
          "eval_windows": 959,
          "model_mse": 0.005376896438889595,
          "null_mse": 0.00018101971957522475,
          "model_mae": 0.04947348108504289,
          "null_mae": 0.010103375233541635,
          "model_corr": -0.2587987598406305,
          "null_corr": 0.0,
          "model_mse_std": 74.57927610095983,
          "null_mse_std": 2.510801500336691,
          "model_mae_std": 5.8266068543686504,
          "null_mae_std": 1.1898979836656285,
          "beats_null_mse": false
        },
        "dominant_beat_amplitude": {
          "train_windows": 1019,
          "eval_windows": 959,
          "model_mse": 0.0003936810217533698,
          "null_mse": 1.5389233689233862e-05,
          "model_mae": 0.01176213214663342,
          "null_mae": 0.0028815432084207207,
          "model_corr": -0.2232679884432481,
          "null_corr": 0.0,
          "model_mse_std": 69.41407672221972,
          "null_mse_std": 2.7134390254398997,
          "model_mae_std": 4.938983673031202,
          "null_mae_std": 1.2099757664767747,
          "beats_null_mse": false
        },
        "dominant_beat_rise_time_seconds": {
          "train_windows": 1019,
          "eval_windows": 959,
          "model_mse": 0.1917326923731817,
          "null_mse": 0.016813930841866515,
          "model_mae": 0.30829003770275093,
          "null_mae": 0.1049673321080902,
          "model_corr": 0.008710808620084231,
          "null_corr": 0.0,
          "model_mse_std": 14.870850666657528,
          "null_mse_std": 1.3040940049088772,
          "model_mae_std": 2.7150592510096723,
          "null_mae_std": 0.9244298914668815,
          "beats_null_mse": false
        },
        "dominant_beat_width_seconds": {
          "train_windows": 1019,
          "eval_windows": 959,
          "model_mse": 0.17633888083018856,
          "null_mse": 0.020802123070597547,
          "model_mae": 0.334722510015719,
          "null_mae": 0.10273691608653518,
          "model_corr": -0.20066408621993095,
          "null_corr": 0.0,
          "model_mse_std": 10.430837201353633,
          "null_mse_std": 1.2304918698042384,
          "model_mae_std": 2.5743670201187254,
          "null_mae_std": 0.7901545925592535,
          "beats_null_mse": false
        }
      }
    },
    "eeg_clean_windows": {
      "aggregate_model_mse_std": 28.384961690951847,
      "aggregate_null_mse_std": 2.2225604093147027,
      "aggregate_model_mae_std": 3.4634971085946153,
      "aggregate_null_mae_std": 1.090043009851906,
      "beats_null_std_mse": false,
      "aggregate_target_names": [
        "amplitude_range",
        "rising_edge_slope_max",
        "dominant_beat_amplitude",
        "dominant_beat_rise_time_seconds",
        "dominant_beat_width_seconds"
      ],
      "per_target": {
        "mean_ibi_seconds": {
          "train_windows": 1024,
          "eval_windows": 959,
          "model_mse": 0.30409246279783214,
          "null_mse": 0.02154120173740605,
          "model_mae": 0.3540222972081882,
          "null_mae": 0.11916931081153292,
          "model_corr": -0.34421983534495565,
          "null_corr": 0.0,
          "model_mse_std": 14.503306696098472,
          "null_mse_std": 1.0273804635790411,
          "model_mae_std": 2.444901141755572,
          "null_mae_std": 0.8229910555436131,
          "beats_null_mse": false
        },
        "amplitude_range": {
          "train_windows": 1024,
          "eval_windows": 959,
          "model_mse": 0.00019652298576123715,
          "null_mse": 1.3584353411776375e-05,
          "model_mae": 0.01029775417732396,
          "null_mae": 0.002688233148797383,
          "model_corr": -0.4096719842333965,
          "null_corr": 0.0,
          "model_mse_std": 48.521507660972404,
          "null_mse_std": 3.353975646083807,
          "model_mae_std": 5.11685354696479,
          "null_mae_std": 1.3357568150909922,
          "beats_null_mse": false
        },
        "rising_edge_slope_max": {
          "train_windows": 1024,
          "eval_windows": 959,
          "model_mse": 0.002963437600610134,
          "null_mse": 0.00018101971957522475,
          "model_mae": 0.038172490656182965,
          "null_mae": 0.010103375233541635,
          "model_corr": -0.40025743878799197,
          "null_corr": 0.0,
          "model_mse_std": 41.1038288603362,
          "null_mse_std": 2.510801500336691,
          "model_mae_std": 4.495662945635758,
          "null_mae_std": 1.1898979836656285,
          "beats_null_mse": false
        },
        "dominant_beat_amplitude": {
          "train_windows": 1019,
          "eval_windows": 959,
          "model_mse": 0.00025194573936206707,
          "null_mse": 1.5389233689233862e-05,
          "model_mae": 0.01142566783858728,
          "null_mae": 0.0028815432084207207,
          "model_corr": -0.3842042219959154,
          "null_corr": 0.0,
          "model_mse_std": 44.423225696846025,
          "null_mse_std": 2.7134390254398997,
          "model_mae_std": 4.797700468312806,
          "null_mae_std": 1.2099757664767747,
          "beats_null_mse": false
        },
        "dominant_beat_rise_time_seconds": {
          "train_windows": 1019,
          "eval_windows": 959,
          "model_mse": 0.054722073303119734,
          "null_mse": 0.016813930841866515,
          "model_mae": 0.17192765836774734,
          "null_mae": 0.1049673321080902,
          "model_corr": 0.10158949055521757,
          "null_corr": 0.0,
          "model_mse_std": 4.244261999287526,
          "null_mse_std": 1.3040940049088772,
          "model_mae_std": 1.5141383835628803,