{
  "config": "configs/cross_modal/ds006848_morphology_baseline_cohort_plus_sub025.toml",
  "ridge_lambda": 1000.0,
  "runtime_sec": 9.758129300000292,
  "peak_memory_mb": 2276.966896057129,
  "train_windows": 1024,
  "eval_windows": 1280,
  "target_names": [
    "mean_ibi_seconds",
    "amplitude_range",
    "rising_edge_slope_max",
    "dominant_beat_amplitude",
    "dominant_beat_rise_time_seconds",
    "dominant_beat_width_seconds"
  ],
  "aggregate_target_names": [
    "amplitude_range",
    "rising_edge_slope_max",
    "dominant_beat_amplitude",
    "dominant_beat_rise_time_seconds",
    "dominant_beat_width_seconds"
  ],
  "best_branch": "eeg_clean_windows",
  "branches": {
    "eeg_event_windows": {
      "aggregate_model_mse_std": 5.3034032343064625,
      "aggregate_null_mse_std": 2.533793368161478,
      "aggregate_model_mae_std": 1.8289549776389973,
      "aggregate_null_mae_std": 1.1276897949774156,
      "beats_null_std_mse": false,
      "aggregate_target_names": [
        "amplitude_range",
        "rising_edge_slope_max",
        "dominant_beat_amplitude",
        "dominant_beat_rise_time_seconds",
        "dominant_beat_width_seconds"
      ],
      "per_target": {
        "mean_ibi_seconds": {
          "train_windows": 1024,
          "eval_windows": 1280,
          "model_mse": 0.18058920446412924,
          "null_mse": 0.04154945025538935,
          "model_mae": 0.3088061677114832,
          "null_mae": 0.16334338026922524,
          "model_corr": -0.22246332472378885,
          "null_corr": 0.0,
          "model_mse_std": 8.612974469179681,
          "null_mse_std": 1.9816486556880704,
          "model_mae_std": 2.1326355937828927,
          "null_mae_std": 1.1280600687238482,
          "beats_null_mse": false
        },
        "amplitude_range": {
          "train_windows": 1024,
          "eval_windows": 1280,
          "model_mse": 1.7150275934875643e-05,
          "null_mse": 1.3409556447537079e-05,
          "model_mae": 0.0031473347344093488,
          "null_mae": 0.0024965189123689947,
          "model_corr": 0.11758571280742636,
          "null_corr": 0.0,
          "model_mse_std": 4.2344015990723705,
          "null_mse_std": 3.3108182911993445,
          "model_mae_std": 1.5638799122541265,
          "null_mae_std": 1.2404958820972345,
          "beats_null_mse": false
        },
        "rising_edge_slope_max": {
          "train_windows": 1024,
          "eval_windows": 1280,
          "model_mse": 0.0007339938872830826,
          "null_mse": 0.00018114060519370149,
          "model_mae": 0.022840442659795443,
          "null_mae": 0.009575965630776295,
          "model_corr": 0.01564602438265853,
          "null_corr": 0.0,
          "model_mse_std": 10.180730352211608,
          "null_mse_std": 2.512478222590779,
          "model_mae_std": 2.6899720181326088,
          "null_mae_std": 1.127783728934897,
          "beats_null_mse": false
        },
        "dominant_beat_amplitude": {
          "train_windows": 1019,
          "eval_windows": 1273,
          "model_mse": 1.9995590965779365e-05,
          "null_mse": 1.6040267436208076e-05,
          "model_mae": 0.0036507287422344195,
          "null_mae": 0.0027753865484243913,
          "model_corr": 0.24091206543226862,
          "null_corr": 0.0,
          "model_mse_std": 3.5256347365260092,
          "null_mse_std": 2.8282296908876567,
          "model_mae_std": 1.532960982564914,
          "null_mae_std": 1.1654000038540548,
          "beats_null_mse": false
        },
        "dominant_beat_rise_time_seconds": {
          "train_windows": 1019,
          "eval_windows": 1273,
          "model_mse": 0.056499519357658456,
          "null_mse": 0.026833042608559253,
          "model_mae": 0.1892262112754973,
          "null_mae": 0.12805195251340018,
          "model_corr": 0.1561478185692312,
          "null_corr": 0.0,
          "model_mse_std": 4.382121299743384,
          "null_mse_std": 2.081179608051845,
          "model_mae_std": 1.6664838711149352,
          "null_mae_std": 1.1277323162047024,
          "beats_null_mse": false
        },
        "dominant_beat_width_seconds": {
          "train_windows": 1019,
          "eval_windows": 1273,
          "model_mse": 0.07090397978076195,
          "null_mse": 0.032733528104727246,
          "model_mae": 0.21992815796108867,
          "null_mae": 0.12703561268537228,
          "model_corr": 0.05013528186385967,
          "null_corr": 0.0,
          "model_mse_std": 4.194128183978939,
          "null_mse_std": 1.936261028077766,
          "model_mae_std": 1.691478104128401,
          "null_mae_std": 0.9770370437961887,
          "beats_null_mse": false
        }
      }
    },
    "eeg_clean_windows": {
      "aggregate_model_mse_std": 4.129838875915859,
      "aggregate_null_mse_std": 2.533793368161478,
      "aggregate_model_mae_std": 1.6777605805388742,
      "aggregate_null_mae_std": 1.1276897949774156,
      "beats_null_std_mse": false,
      "aggregate_target_names": [
        "amplitude_range",
        "rising_edge_slope_max",
        "dominant_beat_amplitude",
        "dominant_beat_rise_time_seconds",
        "dominant_beat_width_seconds"
      ],
      "per_target": {
        "mean_ibi_seconds": {
          "train_windows": 1024,
          "eval_windows": 1280,
          "model_mse": 0.09851107019017628,
          "null_mse": 0.04154945025538935,
          "model_mae": 0.22538117376401381,
          "null_mae": 0.16334338026922524,
          "model_corr": -0.23767366875935997,
          "null_corr": 0.0,
          "model_mse_std": 4.698361316764592,
          "null_mse_std": 1.9816486556880704,
          "model_mae_std": 1.5564971286026204,
          "null_mae_std": 1.1280600687238482,
          "beats_null_mse": false
        },
        "amplitude_range": {
          "train_windows": 1024,
          "eval_windows": 1280,
          "model_mse": 2.2336694472754224e-05,
          "null_mse": 1.3409556447537079e-05,
          "model_mae": 0.00412761658373516,
          "null_mae": 0.0024965189123689947,
          "model_corr": -0.6362282617048105,
          "null_corr": 0.0,
          "model_mse_std": 5.514927873614255,
          "null_mse_std": 3.3108182911993445,
          "model_mae_std": 2.0509723958553865,
          "null_mae_std": 1.2404958820972345,
          "beats_null_mse": false
        },
        "rising_edge_slope_max": {
          "train_windows": 1024,
          "eval_windows": 1280,
          "model_mse": 0.0003245131013788731,
          "null_mse": 0.00018114060519370149,
          "model_mae": 0.01454138454046636,
          "null_mae": 0.009575965630776295,
          "model_corr": -0.6813474748208965,
          "null_corr": 0.0,
          "model_mse_std": 4.5011006741859045,
          "null_mse_std": 2.512478222590779,
          "model_mae_std": 1.7125726546278295,
          "null_mae_std": 1.127783728934897,
          "beats_null_mse": false
        },
        "dominant_beat_amplitude": {
          "train_windows": 1019,
          "eval_windows": 1273,
          "model_mse": 2.723204559158438e-05,
          "null_mse": 1.6040267436208076e-05,
          "model_mae": 0.0045941783998757375,
          "null_mae": 0.0027753865484243913,
          "model_corr": -0.570570429150971,
          "null_corr": 0.0,
          "model_mse_std": 4.801570808717916,
          "null_mse_std": 2.8282296908876567,
          "model_mae_std": 1.929120658151542,
          "null_mae_std": 1.1654000038540548,
          "beats_null_mse": false
        },
        "dominant_beat_rise_time_seconds": {
          "train_windows": 1019,
          "eval_windows": 1273,
          "model_mse": 0.0411178372228927,
          "null_mse": 0.026833042608559253,
          "model_mae": 0.16204340455045937,
          "null_mae": 0.12805195251340018,
          "model_corr": 0.03285330500658317,
          "null_corr": 0.0,
          "model_mse_std": 3.1891129755141137,
          "null_mse_std": 2.081179608051845,