{
  "config": "configs/cross_modal/ds006848_morphology_baseline_cohort_plus_sub011.toml",
  "ridge_lambda": 1000.0,
  "runtime_sec": 11.335665399965364,
  "peak_memory_mb": 2276.9669399261475,
  "train_windows": 1024,
  "eval_windows": 1280,
  "target_names": [
    "mean_ibi_seconds",
    "amplitude_range",
    "rising_edge_slope_max",
    "dominant_beat_amplitude",
    "dominant_beat_rise_time_seconds",
    "dominant_beat_width_seconds"
  ],
  "aggregate_target_names": [
    "amplitude_range",
    "rising_edge_slope_max",
    "dominant_beat_amplitude",
    "dominant_beat_rise_time_seconds",
    "dominant_beat_width_seconds"
  ],
  "best_branch": "eeg_clean_windows",
  "branches": {
    "eeg_event_windows": {
      "aggregate_model_mse_std": 11.920436077563199,
      "aggregate_null_mse_std": 2.36563804704183,
      "aggregate_model_mae_std": 2.65934755711109,
      "aggregate_null_mae_std": 1.050685453805952,
      "beats_null_std_mse": false,
      "aggregate_target_names": [
        "amplitude_range",
        "rising_edge_slope_max",
        "dominant_beat_amplitude",
        "dominant_beat_rise_time_seconds",
        "dominant_beat_width_seconds"
      ],
      "per_target": {
        "mean_ibi_seconds": {
          "train_windows": 1024,
          "eval_windows": 1280,
          "model_mse": 0.16597850316173957,
          "null_mse": 0.03018666480852524,
          "model_mae": 0.29990778641450855,
          "null_mae": 0.14680983057673985,
          "model_corr": 0.11323391302991374,
          "null_corr": 0.0,
          "model_mse_std": 7.916135487759348,
          "null_mse_std": 1.4397149269083598,
          "model_mae_std": 2.0711827904868447,
          "null_mae_std": 1.0138782930582928,
          "beats_null_mse": false
        },
        "amplitude_range": {
          "train_windows": 1024,
          "eval_windows": 1280,
          "model_mse": 5.6800744828771696e-05,
          "null_mse": 1.317083232837368e-05,
          "model_mae": 0.005330635775311064,
          "null_mae": 0.0023487718040448692,
          "model_corr": -0.14999471455329377,
          "null_corr": 0.0,
          "model_mse_std": 14.024098833439357,
          "null_mse_std": 3.2518773274643507,
          "model_mae_std": 2.648740890954726,
          "null_mae_std": 1.167081785949277,
          "beats_null_mse": false
        },
        "rising_edge_slope_max": {
          "train_windows": 1024,
          "eval_windows": 1280,
          "model_mse": 0.0010798997221002562,
          "null_mse": 0.00018019291991093643,
          "model_mae": 0.030161527489087004,
          "null_mae": 0.008817815210107226,
          "model_corr": -0.10729972107511643,
          "null_corr": 0.0,
          "model_mse_std": 14.978555092367941,
          "null_mse_std": 2.499333524127004,
          "model_mae_std": 3.552193194249945,
          "null_mae_std": 1.038494591788484,
          "beats_null_mse": false
        },
        "dominant_beat_amplitude": {
          "train_windows": 1019,
          "eval_windows": 1274,
          "model_mse": 7.669216911398755e-05,
          "null_mse": 1.5329985116762112e-05,
          "model_mae": 0.006172465213105457,
          "null_mae": 0.0025395192227674166,
          "model_corr": -0.08283301147989018,
          "null_corr": 0.0,
          "model_mse_std": 13.522409810770139,
          "null_mse_std": 2.702992281177453,
          "model_mae_std": 2.59185193040078,
          "null_mae_std": 1.0663580226980476,
          "beats_null_mse": false
        },
        "dominant_beat_rise_time_seconds": {
          "train_windows": 1019,
          "eval_windows": 1274,
          "model_mse": 0.14539789281849497,
          "null_mse": 0.023745902613389026,
          "model_mae": 0.28494534374756697,
          "null_mae": 0.12467125907791214,
          "model_corr": -0.07568021716428268,
          "null_corr": 0.0,
          "model_mse_std": 11.277108377230238,
          "null_mse_std": 1.841740014902609,
          "model_mae_std": 2.5094664016353954,
          "null_mae_std": 1.0979591095995007,
          "beats_null_mse": false
        },
        "dominant_beat_width_seconds": {
          "train_windows": 1019,
          "eval_windows": 1274,
          "model_mse": 0.09805224145495586,
          "null_mse": 0.02590345639146362,
          "model_mae": 0.2593255520501121,
          "null_mae": 0.11487819537115064,
          "model_corr": -0.014010481849683972,
          "null_corr": 0.0,
          "model_mse_std": 5.800008274008328,
          "null_mse_std": 1.5322470875377354,
          "model_mae_std": 1.994485368314605,
          "null_mae_std": 0.8835337589944504,
          "beats_null_mse": false
        }
      }
    },
    "eeg_clean_windows": {
      "aggregate_model_mse_std": 8.888553109043304,
      "aggregate_null_mse_std": 2.36563804704183,
      "aggregate_model_mae_std": 2.2671540988501016,
      "aggregate_null_mae_std": 1.050685453805952,
      "beats_null_std_mse": false,
      "aggregate_target_names": [
        "amplitude_range",
        "rising_edge_slope_max",
        "dominant_beat_amplitude",
        "dominant_beat_rise_time_seconds",
        "dominant_beat_width_seconds"
      ],
      "per_target": {
        "mean_ibi_seconds": {
          "train_windows": 1024,
          "eval_windows": 1280,
          "model_mse": 0.03220701564824129,
          "null_mse": 0.03018666480852524,
          "model_mae": 0.14884192139732857,
          "null_mae": 0.14680983057673985,
          "model_corr": 0.19784887792874792,
          "null_corr": 0.0,
          "model_mse_std": 1.5360730134999456,
          "null_mse_std": 1.4397149269083598,
          "model_mae_std": 1.0279120451879975,
          "null_mae_std": 1.0138782930582928,
          "beats_null_mse": false
        },
        "amplitude_range": {
          "train_windows": 1024,
          "eval_windows": 1280,
          "model_mse": 5.5832886659043966e-05,
          "null_mse": 1.317083232837368e-05,
          "model_mae": 0.006064021151100399,
          "null_mae": 0.0023487718040448692,
          "model_corr": -0.49485930935589256,
          "null_corr": 0.0,
          "model_mse_std": 13.785134737635142,
          "null_mse_std": 3.2518773274643507,
          "model_mae_std": 3.0131529265093504,
          "null_mae_std": 1.167081785949277,
          "beats_null_mse": false
        },
        "rising_edge_slope_max": {
          "train_windows": 1024,
          "eval_windows": 1280,
          "model_mse": 0.0007553583531143679,
          "null_mse": 0.00018019291991093643,
          "model_mae": 0.02188369061161085,
          "null_mae": 0.008817815210107226,
          "model_corr": -0.45408752378286177,
          "null_corr": 0.0,
          "model_mse_std": 10.477062337417182,
          "null_mse_std": 2.499333524127004,
          "model_mae_std": 2.577293105720905,
          "null_mae_std": 1.038494591788484,
          "beats_null_mse": false
        },
        "dominant_beat_amplitude": {
          "train_windows": 1019,
          "eval_windows": 1274,
          "model_mse": 7.422098834742616e-05,
          "null_mse": 1.5329985116762112e-05,
          "model_mae": 0.006799990138016845,
          "null_mae": 0.0025395192227674166,
          "model_corr": -0.44900943550065037,
          "null_corr": 0.0,
          "model_mse_std": 13.086689717988964,
          "null_mse_std": 2.702992281177453,
          "model_mae_std": 2.85535308137574,
          "null_mae_std": 1.0663580226980476,
          "beats_null_mse": false
        },
        "dominant_beat_rise_time_seconds": {
          "train_windows": 1019,
          "eval_windows": 1274,
          "model_mse": 0.057208604230383236,
          "null_mse": 0.023745902613389026,
          "model_mae": 0.18754641660208943,
          "null_mae": 0.12467125907791214,
          "model_corr": -0.09363416955021639,
          "null_corr": 0.0,
          "model_mse_std": 4.437118155635607,
          "null_mse_std": 1.841740014902609,