{
  "config": "configs/cross_modal/ds006848_morphology_baseline_cohort_plus_sub011_sub025.toml",
  "ridge_lambda": 1000.0,
  "runtime_sec": 11.325926400000753,
  "peak_memory_mb": 2584.598487854004,
  "train_windows": 1024,
  "eval_windows": 1536,
  "target_names": [
    "mean_ibi_seconds",
    "amplitude_range",
    "rising_edge_slope_max",
    "dominant_beat_amplitude",
    "dominant_beat_rise_time_seconds",
    "dominant_beat_width_seconds"
  ],
  "aggregate_target_names": [
    "amplitude_range",
    "rising_edge_slope_max",
    "dominant_beat_amplitude",
    "dominant_beat_rise_time_seconds",
    "dominant_beat_width_seconds"
  ],
  "best_branch": "eeg_clean_windows",
  "branches": {
    "eeg_event_windows": {
      "aggregate_model_mse_std": 10.469478089886934,
      "aggregate_null_mse_std": 2.3147766834314565,
      "aggregate_model_mae_std": 2.4760248628374955,
      "aggregate_null_mae_std": 1.069718313109715,
      "beats_null_std_mse": false,
      "aggregate_target_names": [
        "amplitude_range",
        "rising_edge_slope_max",
        "dominant_beat_amplitude",
        "dominant_beat_rise_time_seconds",
        "dominant_beat_width_seconds"
      ],
      "per_target": {
        "mean_ibi_seconds": {
          "train_windows": 1024,
          "eval_windows": 1536,
          "model_mse": 0.25873542237809316,
          "null_mse": 0.04111822837423534,
          "model_mae": 0.38743763731936126,
          "null_mae": 0.1653744166881855,
          "model_corr": -0.2716573434483292,
          "null_corr": 0.0,
          "model_mse_std": 12.34005982709551,
          "null_mse_std": 1.9610820716336572,
          "model_mae_std": 2.675669666320889,
          "null_mae_std": 1.1420865390869366,
          "beats_null_mse": false
        },
        "amplitude_range": {
          "train_windows": 1024,
          "eval_windows": 1536,
          "model_mse": 4.953133953681013e-05,
          "null_mse": 1.1377530382426207e-05,
          "model_mae": 0.005040151363035834,
          "null_mae": 0.0022105324699375206,
          "model_corr": -0.14335218489855434,
          "null_corr": 0.0,
          "model_mse_std": 12.229283315049246,
          "null_mse_std": 2.809111236914297,
          "model_mae_std": 2.5044020215572096,
          "null_mae_std": 1.098392010015914,
          "beats_null_mse": false
        },
        "rising_edge_slope_max": {
          "train_windows": 1024,
          "eval_windows": 1536,
          "model_mse": 0.0009057309745018243,
          "null_mse": 0.00016007807303957433,
          "model_mae": 0.025987154835668217,
          "null_mae": 0.008607812915424043,
          "model_corr": -0.1373085796191591,
          "null_corr": 0.0,
          "model_mse_std": 12.56277876806434,
          "null_mse_std": 2.2203341542121087,
          "model_mae_std": 3.0605676247192783,
          "null_mae_std": 1.0137621334532627,
          "beats_null_mse": false
        },
        "dominant_beat_amplitude": {
          "train_windows": 1019,
          "eval_windows": 1527,
          "model_mse": 6.801681444437229e-05,
          "null_mse": 1.3608197863363778e-05,
          "model_mae": 0.005962258448094355,
          "null_mae": 0.0024810478678835035,
          "model_corr": -0.08165305529930675,
          "null_corr": 0.0,
          "model_mse_std": 11.992766009432934,
          "null_mse_std": 2.3994057075234005,
          "model_mae_std": 2.5035849591231543,
          "null_mae_std": 1.0418055807163173,
          "beats_null_mse": false
        },
        "dominant_beat_rise_time_seconds": {
          "train_windows": 1019,
          "eval_windows": 1527,
          "model_mse": 0.13062676781674165,
          "null_mse": 0.02810836060673077,
          "model_mae": 0.27123878252927136,
          "null_mae": 0.13420048245901545,
          "model_corr": 0.08616861790036974,
          "null_corr": 0.0,
          "model_mse_std": 10.131455065002879,
          "null_mse_std": 2.1800936913444127,
          "model_mae_std": 2.3887549893803377,
          "null_mae_std": 1.1818814000782738,
          "beats_null_mse": false
        },
        "dominant_beat_width_seconds": {
          "train_windows": 1019,
          "eval_windows": 1527,
          "model_mse": 0.09181577308055779,
          "null_mse": 0.03321833825275081,
          "model_mae": 0.2500068421267941,
          "null_mae": 0.13167911454627948,
          "model_corr": 0.03824483262004429,
          "null_corr": 0.0,
          "model_mse_std": 5.431107291885272,
          "null_mse_std": 1.9649386271630622,
          "model_mae_std": 1.9228147194074958,
          "null_mae_std": 1.0127504412848076,
          "beats_null_mse": false
        }
      }
    },
    "eeg_clean_windows": {
      "aggregate_model_mse_std": 7.997977870213566,
      "aggregate_null_mse_std": 2.3147766834314565,
      "aggregate_model_mae_std": 2.172975783028619,
      "aggregate_null_mae_std": 1.069718313109715,
      "beats_null_std_mse": false,
      "aggregate_target_names": [
        "amplitude_range",
        "rising_edge_slope_max",
        "dominant_beat_amplitude",
        "dominant_beat_rise_time_seconds",
        "dominant_beat_width_seconds"
      ],
      "per_target": {
        "mean_ibi_seconds": {
          "train_windows": 1024,
          "eval_windows": 1536,
          "model_mse": 0.09207067624746486,
          "null_mse": 0.04111822837423534,
          "model_mae": 0.22273852854825082,
          "null_mae": 0.1653744166881855,
          "model_corr": -0.276950939015879,
          "null_corr": 0.0,
          "model_mse_std": 4.3911948459634464,
          "null_mse_std": 1.9610820716336572,
          "model_mae_std": 1.5382468478823803,
          "null_mae_std": 1.1420865390869366,
          "beats_null_mse": false
        },
        "amplitude_range": {
          "train_windows": 1024,
          "eval_windows": 1536,
          "model_mse": 4.89066864881722e-05,
          "null_mse": 1.1377530382426207e-05,
          "model_mae": 0.005678872320894354,
          "null_mae": 0.0022105324699375206,
          "model_corr": -0.3867671545477819,
          "null_corr": 0.0,
          "model_mse_std": 12.075056533039335,
          "null_mse_std": 2.809111236914297,
          "model_mae_std": 2.8217762317452824,
          "null_mae_std": 1.098392010015914,
          "beats_null_mse": false
        },
        "rising_edge_slope_max": {
          "train_windows": 1024,
          "eval_windows": 1536,
          "model_mse": 0.0006497768749625922,
          "null_mse": 0.00016007807303957433,
          "model_mae": 0.02003816517161067,
          "null_mae": 0.008607812915424043,
          "model_corr": -0.3689446545391534,
          "null_corr": 0.0,
          "model_mse_std": 9.01261341233153,
          "null_mse_std": 2.2203341542121087,
          "model_mae_std": 2.3599412852550574,
          "null_mae_std": 1.0137621334532627,
          "beats_null_mse": false
        },
        "dominant_beat_amplitude": {
          "train_windows": 1019,
          "eval_windows": 1527,
          "model_mse": 6.62367336461391e-05,
          "null_mse": 1.3608197863363778e-05,
          "model_mae": 0.0065153758376463285,
          "null_mae": 0.0024810478678835035,
          "model_corr": -0.33892726627329134,
          "null_corr": 0.0,
          "model_mse_std": 11.67890108256908,
          "null_mse_std": 2.3994057075234005,
          "model_mae_std": 2.7358419787017643,
          "null_mae_std": 1.0418055807163173,
          "beats_null_mse": false
        },
        "dominant_beat_rise_time_seconds": {
          "train_windows": 1019,
          "eval_windows": 1527,
          "model_mse": 0.05552049056447963,
          "null_mse": 0.02810836060673077,
          "model_mae": 0.18596445706316228,
          "null_mae": 0.13420048245901545,
          "model_corr": 0.024669527072646892,
          "null_corr": 0.0,
          "model_mse_std": 4.306187504616869,
          "null_mse_std": 2.1800936913444127,