{
  "config": "configs/cross_modal/ds006848_calibrated_haar_amplitude_cohort_swap.toml",
  "source_branch": "eeg_clean_windows",
  "feature_view": "eeg_clean_haar_windows",
  "haar_levels": 7,
  "ridge_lambda": 1000.0,
  "candidate_ranks": [
    8,
    16,
    32,
    64,
    128,
    256,
    512
  ],
  "calibration_windows_per_subject": 32,
  "target_names": [
    "amplitude_range",
    "rising_edge_slope_max",
    "dominant_beat_amplitude"
  ],
  "aggregate_target_names": [
    "amplitude_range",
    "rising_edge_slope_max",
    "dominant_beat_amplitude"
  ],
  "reference_low_rank": {
    "config": "configs/cross_modal/ds006848_calibrated_low_rank_amplitude_cohort_swap.toml",
    "branch": "eeg_clean_windows",
    "rank": 64,
    "aggregate_model_relative_mse": 0.8680154514181079,
    "aggregate_delta_relative_mse": -0.13198454858189212
  },
  "ranks": {
    "8": {
      "per_target": {
        "amplitude_range": {
          "train_windows": 1024,
          "eval_windows": 896,
          "calibration_windows_per_subject": 32,
          "model_mse": 1.3309098099051312e-05,
          "null_mse": 1.2937346848743157e-05,
          "relative_mse": 1.0287347363145225,
          "model_mae": 0.0023599182886874528,
          "null_mae": 0.0023464643226621513,
          "relative_mae": 1.0057337185549182,
          "model_corr": 0.7350179149625287,
          "null_corr": 0.7412546699624231,
          "delta_mse": 3.7175125030815436e-07,
          "beats_null_mse": false
        },
        "rising_edge_slope_max": {
          "train_windows": 1024,
          "eval_windows": 896,
          "calibration_windows_per_subject": 32,
          "model_mse": 0.00027217388798306947,
          "null_mse": 0.00027266469415654154,
          "relative_mse": 0.9981999643371859,
          "model_mae": 0.010758557745066287,
          "null_mae": 0.010765619757226627,
          "relative_mae": 0.9993440217730521,
          "model_corr": 0.6787719494628723,
          "null_corr": 0.6788692503092139,
          "delta_mse": -4.908061734720717e-07,
          "beats_null_mse": true
        },
        "dominant_beat_amplitude": {
          "train_windows": 1019,
          "eval_windows": 892,
          "calibration_windows_per_subject": 32,
          "model_mse": 1.307406826034451e-05,
          "null_mse": 1.2774232621315212e-05,
          "relative_mse": 1.0234719100487484,
          "model_mae": 0.00249876516872754,
          "null_mae": 0.002479200986182464,
          "relative_mae": 1.0078913257352329,
          "model_corr": 0.7106020598345172,
          "null_corr": 0.7136203781087865,
          "delta_mse": 2.998356390292983e-07,
          "beats_null_mse": false
        }
      },
      "aggregate_model_relative_mse": 1.016802203566819,
      "aggregate_null_relative_mse": 1.0,
      "aggregate_model_relative_mae": 1.0043230220210677,
      "aggregate_null_relative_mae": 1.0,
      "aggregate_delta_relative_mse": 0.01680220356681894,
      "beats_null_relative_mse": false
    },
    "16": {
      "per_target": {
        "amplitude_range": {
          "train_windows": 1024,
          "eval_windows": 896,
          "calibration_windows_per_subject": 32,
          "model_mse": 1.4199071926538492e-05,
          "null_mse": 1.2937346848743157e-05,
          "relative_mse": 1.0975257981831035,
          "model_mae": 0.0023877385490351246,
          "null_mae": 0.0023464643226621513,
          "relative_mae": 1.0175899654532765,
          "model_corr": 0.7247141709836074,
          "null_corr": 0.7412546699624231,
          "delta_mse": 1.2617250777953347e-06,
          "beats_null_mse": false
        },
        "rising_edge_slope_max": {
          "train_windows": 1024,
          "eval_windows": 896,
          "calibration_windows_per_subject": 32,
          "model_mse": 0.0002881445321678582,
          "null_mse": 0.00027266469415654154,
          "relative_mse": 1.0567724327463879,
          "model_mae": 0.010855107076035967,
          "null_mae": 0.010765619757226627,
          "relative_mae": 1.008312323937437,
          "model_corr": 0.665669632724211,
          "null_corr": 0.6788692503092139,
          "delta_mse": 1.547983801131669e-05,
          "beats_null_mse": false
        },
        "dominant_beat_amplitude": {
          "train_windows": 1019,
          "eval_windows": 892,
          "calibration_windows_per_subject": 32,
          "model_mse": 1.4105975443013183e-05,
          "null_mse": 1.2774232621315212e-05,
          "relative_mse": 1.1042522757473363,
          "model_mae": 0.002528645057058262,
          "null_mae": 0.002479200986182464,
          "relative_mae": 1.0199435508259995,
          "model_corr": 0.6965242926002921,
          "null_corr": 0.7136203781087865,
          "delta_mse": 1.331742821697971e-06,
          "beats_null_mse": false
        }
      },
      "aggregate_model_relative_mse": 1.0861835022256092,
      "aggregate_null_relative_mse": 1.0,
      "aggregate_model_relative_mae": 1.0152819467389043,
      "aggregate_null_relative_mae": 1.0,
      "aggregate_delta_relative_mse": 0.08618350222560922,
      "beats_null_relative_mse": false
    },
    "32": {
      "per_target": {
        "amplitude_range": {
          "train_windows": 1024,
          "eval_windows": 896,
          "calibration_windows_per_subject": 32,
          "model_mse": 1.4261161662683233e-05,
          "null_mse": 1.2937346848743157e-05,
          "relative_mse": 1.1023250616542513,
          "model_mae": 0.002378176835116662,
          "null_mae": 0.0023464643226621513,
          "relative_mae": 1.0135150200871292,
          "model_corr": 0.7202127232472234,
          "null_corr": 0.7412546699624231,
          "delta_mse": 1.3238148139400755e-06,
          "beats_null_mse": false
        },
        "rising_edge_slope_max": {
          "train_windows": 1024,
          "eval_windows": 896,
          "calibration_windows_per_subject": 32,
          "model_mse": 0.0002874499130681962,
          "null_mse": 0.00027266469415654154,
          "relative_mse": 1.0542249115067541,
          "model_mae": 0.010817133311982826,
          "null_mae": 0.010765619757226627,
          "relative_mae": 1.004785005965088,
          "model_corr": 0.6621842447472018,
          "null_corr": 0.6788692503092139,
          "delta_mse": 1.478521891165466e-05,
          "beats_null_mse": false
        },
        "dominant_beat_amplitude": {
          "train_windows": 1019,
          "eval_windows": 892,
          "calibration_windows_per_subject": 32,
          "model_mse": 1.2910450518291811e-05,
          "null_mse": 1.2774232621315212e-05,
          "relative_mse": 1.010663489621232,
          "model_mae": 0.002492374552435215,
          "null_mae": 0.002479200986182464,
          "relative_mae": 1.0053136338385522,
          "model_corr": 0.7108704460320906,
          "null_corr": 0.7136203781087865,
          "delta_mse": 1.3621789697659868e-07,
          "beats_null_mse": false
        }
      },
      "aggregate_model_relative_mse": 1.0557378209274124,
      "aggregate_null_relative_mse": 1.0,
      "aggregate_model_relative_mae": 1.00787121996359,
      "aggregate_null_relative_mae": 1.0,
      "aggregate_delta_relative_mse": 0.05573782092741242,
      "beats_null_relative_mse": false
    },
    "64": {
      "per_target": {
        "amplitude_range": {
          "train_windows": 1024,
          "eval_windows": 896,
          "calibration_windows_per_subject": 32,
          "model_mse": 2.5741317956131736e-05,
          "null_mse": 1.2937346848743157e-05,
          "relative_mse": 1.9896906419133737,
          "model_mae": 0.0024957095949543454,
          "null_mae": 0.0023464643226621513,
          "relative_mae": 1.0636043219795772,
          "model_corr": 0.5901841057823471,
          "null_corr": 0.7412546699624231,
          "delta_mse": 1.2803971107388579e-05,
          "beats_null_mse": false
        },
        "rising_edge_slope_max": {
          "train_windows": 1024,