{
  "config": "configs/cross_modal/ds003838_morphology_baseline_expanded.toml",
  "ridge_lambda": 1000.0,
  "runtime_sec": 29.017421900000045,
  "peak_memory_mb": 3938.169288635254,
  "train_windows": 2048,
  "eval_windows": 2048,
  "target_names": [
    "mean_ibi_seconds",
    "amplitude_range",
    "rising_edge_slope_max",
    "dominant_beat_amplitude",
    "dominant_beat_rise_time_seconds",
    "dominant_beat_width_seconds"
  ],
  "aggregate_target_names": [
    "amplitude_range",
    "rising_edge_slope_max",
    "dominant_beat_amplitude",
    "dominant_beat_rise_time_seconds",
    "dominant_beat_width_seconds"
  ],
  "best_branch": "eeg_clean_windows",
  "branches": {
    "eeg_event_windows": {
      "aggregate_model_mse_std": 36.71102325846756,
      "aggregate_null_mse_std": 6.051847527847389,
      "aggregate_model_mae_std": 4.950566483036047,
      "aggregate_null_mae_std": 1.0828280194667224,
      "beats_null_std_mse": false,
      "aggregate_target_names": [
        "amplitude_range",
        "rising_edge_slope_max",
        "dominant_beat_amplitude",
        "dominant_beat_rise_time_seconds",
        "dominant_beat_width_seconds"
      ],
      "per_target": {
        "mean_ibi_seconds": {
          "train_windows": 2048,
          "eval_windows": 2048,
          "model_mse": 0.16645792180949692,
          "null_mse": 0.026583150343769322,
          "model_mae": 0.3526363748368447,
          "null_mae": 0.11771714026038183,
          "model_corr": -0.3727795504478035,
          "null_corr": 0.0,
          "model_mse_std": 7.85525845955547,
          "null_mse_std": 1.254476292564258,
          "model_mae_std": 2.422451627562338,
          "null_mae_std": 0.8086632530398592,
          "beats_null_mse": false
        },
        "amplitude_range": {
          "train_windows": 2048,
          "eval_windows": 2048,
          "model_mse": 181300596.2418521,
          "null_mse": 60819788.06982659,
          "model_mae": 10814.060883508591,
          "null_mae": 4024.077880432713,
          "model_corr": -0.13407597554234693,
          "null_corr": 0.0,
          "model_mse_std": 23.541510552604475,
          "null_mse_std": 7.897324732142666,
          "model_mae_std": 3.8967842139377766,
          "null_mae_std": 1.450053160329419,
          "beats_null_mse": false
        },
        "rising_edge_slope_max": {
          "train_windows": 2048,
          "eval_windows": 2048,
          "model_mse": 34648945421.06404,
          "null_mse": 6488330350.058382,
          "model_mae": 157850.22702154703,
          "null_mae": 24641.77212799387,
          "model_corr": -0.016378180449286767,
          "null_corr": 0.0,
          "model_mse_std": 76.33474290728483,
          "null_mse_std": 14.294375287628313,
          "model_mae_std": 7.4090295002210595,
          "null_mae_std": 1.1566129493694683,
          "beats_null_mse": false
        },
        "dominant_beat_amplitude": {
          "train_windows": 2045,
          "eval_windows": 2046,
          "model_mse": 147844460.3565548,
          "null_mse": 55832825.38825342,
          "model_mae": 10149.067305322853,
          "null_mae": 4154.696956426896,
          "model_corr": -0.27660303718784185,
          "null_corr": 0.0,
          "model_mse_std": 16.395552997887506,
          "null_mse_std": 6.19171016260754,
          "model_mae_std": 3.379766049794246,
          "null_mae_std": 1.3835659275951975,
          "beats_null_mse": false
        },
        "dominant_beat_rise_time_seconds": {
          "train_windows": 2045,
          "eval_windows": 2046,
          "model_mse": 0.7582292749699208,
          "null_mse": 0.014344162749026125,
          "model_mae": 0.7868044311538877,
          "null_mae": 0.09147637647075693,
          "model_corr": -0.11113392721260405,
          "null_corr": 0.0,
          "model_mse_std": 48.547005056135205,
          "null_mse_std": 0.9184110459605016,
          "model_mae_std": 6.295753916365619,
          "null_mae_std": 0.7319643009332055,
          "beats_null_mse": false
        },
        "dominant_beat_width_seconds": {
          "train_windows": 2045,
          "eval_windows": 2046,
          "model_mse": 0.35624167336059454,
          "null_mse": 0.0182037828886037,
          "model_mae": 0.5200491085521519,
          "null_mae": 0.09541160169703183,
          "model_corr": -0.2692061360314447,
          "null_corr": 0.0,
          "model_mse_std": 18.736304778425826,
          "null_mse_std": 0.957416410897926,
          "model_mae_std": 3.7714987348615296,
          "null_mae_std": 0.6919437591063221,
          "beats_null_mse": false
        }
      }
    },
    "eeg_clean_windows": {
      "aggregate_model_mse_std": 11.36112793997832,
      "aggregate_null_mse_std": 6.051847527847389,
      "aggregate_model_mae_std": 2.4653034959502795,
      "aggregate_null_mae_std": 1.0828280194667224,
      "beats_null_std_mse": false,
      "aggregate_target_names": [
        "amplitude_range",
        "rising_edge_slope_max",
        "dominant_beat_amplitude",
        "dominant_beat_rise_time_seconds",
        "dominant_beat_width_seconds"
      ],
      "per_target": {
        "mean_ibi_seconds": {
          "train_windows": 2048,
          "eval_windows": 2048,
          "model_mse": 0.08117994455275057,
          "null_mse": 0.026583150343769322,
          "model_mae": 0.23334053157854343,
          "null_mae": 0.11771714026038183,
          "model_corr": -0.3585372088857824,
          "null_corr": 0.0,
          "model_mse_std": 3.830934804797351,
          "null_mse_std": 1.254476292564258,
          "model_mae_std": 1.602943402421921,
          "null_mae_std": 0.8086632530398592,
          "beats_null_mse": false
        },
        "amplitude_range": {
          "train_windows": 2048,
          "eval_windows": 2048,
          "model_mse": 58882452.65185276,
          "null_mse": 60819788.06982659,
          "model_mae": 5073.175904676713,
          "null_mae": 4024.077880432713,
          "model_corr": 0.1477129004730457,
          "null_corr": 0.0,
          "model_mse_std": 7.645765701827482,
          "null_mse_std": 7.897324732142666,
          "model_mae_std": 1.828089557921898,
          "null_mae_std": 1.450053160329419,
          "beats_null_mse": true
        },
        "rising_edge_slope_max": {
          "train_windows": 2048,
          "eval_windows": 2048,
          "model_mse": 10651829526.851688,
          "null_mse": 6488330350.058382,
          "model_mae": 75775.30292125331,
          "null_mae": 24641.77212799387,
          "model_corr": 0.043467066764391556,
          "null_corr": 0.0,
          "model_mse_std": 23.466938417414013,
          "null_mse_std": 14.294375287628313,
          "model_mae_std": 3.556671823190454,
          "null_mae_std": 1.1566129493694683,
          "beats_null_mse": false
        },
        "dominant_beat_amplitude": {
          "train_windows": 2045,
          "eval_windows": 2046,
          "model_mse": 52609920.41042651,
          "null_mse": 55832825.38825342,
          "model_mae": 4529.290998476744,
          "null_mae": 4154.696956426896,
          "model_corr": 0.14612134917108743,
          "null_corr": 0.0,
          "model_mse_std": 5.834298669179382,
          "null_mse_std": 6.19171016260754,
          "model_mae_std": 1.5083104176737367,
          "null_mae_std": 1.3835659275951975,
          "beats_null_mse": true
        },
        "dominant_beat_rise_time_seconds": {
          "train_windows": 2045,
          "eval_windows": 2046,
          "model_mse": 0.21635567052543875,
          "null_mse": 0.014344162749026125,
          "model_mae": 0.41247954305418866,
          "null_mae": 0.09147637647075693,
          "model_corr": -0.09954488257140486,
          "null_corr": 0.0,
          "model_mse_std": 13.852564359690115,
          "null_mse_std": 0.9184110459605016,
          "model_mae_std": 3.3005275463378774,
          "null_mae_std": 0.7319643009332055,