{
  "config": "configs/cross_modal/ds003838_morphology_baseline.toml",
  "ridge_lambda": 1000.0,
  "runtime_sec": 12.086268799961545,
  "peak_memory_mb": 1969.3353481292725,
  "train_windows": 1024,
  "eval_windows": 1024,
  "target_names": [
    "mean_ibi_seconds",
    "amplitude_range",
    "rising_edge_slope_max",
    "dominant_beat_amplitude",
    "dominant_beat_rise_time_seconds",
    "dominant_beat_width_seconds"
  ],
  "aggregate_target_names": [
    "amplitude_range",
    "rising_edge_slope_max",
    "dominant_beat_amplitude",
    "dominant_beat_rise_time_seconds",
    "dominant_beat_width_seconds"
  ],
  "best_branch": "eeg_event_windows",
  "branches": {
    "eeg_event_windows": {
      "aggregate_model_mse_std": 134.67552997840522,
      "aggregate_null_mse_std": 147.98470881830895,
      "aggregate_model_mae_std": 5.192142039050361,
      "aggregate_null_mae_std": 3.784423402774118,
      "beats_null_std_mse": true,
      "aggregate_target_names": [
        "amplitude_range",
        "rising_edge_slope_max",
        "dominant_beat_amplitude",
        "dominant_beat_rise_time_seconds",
        "dominant_beat_width_seconds"
      ],
      "per_target": {
        "mean_ibi_seconds": {
          "train_windows": 1024,
          "eval_windows": 1024,
          "model_mse": 0.3115299296971692,
          "null_mse": 0.034115859641634175,
          "model_mae": 0.489265706640145,
          "null_mae": 0.13020914075974588,
          "model_corr": 0.09459224425032935,
          "null_corr": 0.0,
          "model_mse_std": 26.721237856551998,
          "null_mse_std": 2.9262613741511507,
          "model_mae_std": 4.5313037381446835,
          "null_mae_std": 1.2059238124759915,
          "beats_null_mse": false
        },
        "amplitude_range": {
          "train_windows": 1024,
          "eval_windows": 1024,
          "model_mse": 85038502.89238565,
          "null_mse": 122598490.4970306,
          "model_mae": 4786.464568233326,
          "null_mae": 5477.050933699822,
          "model_corr": 0.41684181511271606,
          "null_corr": 0.0,
          "model_mse_std": 58.055292577400074,
          "null_mse_std": 83.6972782124321,
          "model_mae_std": 3.95483122601766,
          "null_mae_std": 4.525430356853179,
          "beats_null_mse": true
        },
        "rising_edge_slope_max": {
          "train_windows": 1024,
          "eval_windows": 1024,
          "model_mse": 11259086909.335348,
          "null_mse": 13168491374.283606,
          "model_mae": 33434.18361832242,
          "null_mae": 38301.049646822736,
          "model_corr": 0.3138008560514093,
          "null_corr": 0.0,
          "model_mse_std": 503.49882070359746,
          "null_mse_std": 588.8861086861168,
          "model_mae_std": 7.07030854056997,
          "null_mae_std": 8.099502040250888,
          "beats_null_mse": true
        },
        "dominant_beat_amplitude": {
          "train_windows": 1024,
          "eval_windows": 1022,
          "model_mse": 87747989.53862576,
          "null_mse": 111230962.2158537,
          "model_mae": 6697.420141543304,
          "null_mae": 5409.60216195686,
          "model_corr": 0.24272846802813733,
          "null_corr": 0.0,
          "model_mse_std": 50.02553235205101,
          "null_mse_std": 63.413283063648635,
          "model_mae_std": 5.05690524429445,
          "null_mae_std": 4.084534785664881,
          "beats_null_mse": true
        },
        "dominant_beat_rise_time_seconds": {
          "train_windows": 1024,
          "eval_windows": 1022,
          "model_mse": 0.2888994062775792,
          "null_mse": 0.01934659206561303,
          "model_mae": 0.5022372276474447,
          "null_mae": 0.11429236126505932,
          "model_corr": 0.2624436625269318,
          "null_corr": 0.0,
          "model_mse_std": 29.76899790405959,
          "null_mse_std": 1.993526626006869,
          "model_mae_std": 5.0982095732812,
          "null_mae_std": 1.1601816398275184,
          "beats_null_mse": false
        },
        "dominant_beat_width_seconds": {
          "train_windows": 1024,
          "eval_windows": 1022,
          "model_mse": 0.4050631817613677,
          "null_mse": 0.024450583401666462,
          "model_mae": 0.5375996062658586,
          "null_mae": 0.11835827612830235,
          "model_corr": 0.1324040732091209,
          "null_corr": 0.0,
          "model_mse_std": 32.02900635491804,
          "null_mse_std": 1.9333475033403253,
          "model_mae_std": 4.780455611088524,
          "null_mae_std": 1.0524681912741212,
          "beats_null_mse": false
        }
      }
    },
    "eeg_clean_windows": {
      "aggregate_model_mse_std": 139.5271643796397,
      "aggregate_null_mse_std": 147.98470881830895,
      "aggregate_model_mae_std": 5.491254794995965,
      "aggregate_null_mae_std": 3.784423402774118,
      "beats_null_std_mse": true,
      "aggregate_target_names": [
        "amplitude_range",
        "rising_edge_slope_max",
        "dominant_beat_amplitude",
        "dominant_beat_rise_time_seconds",
        "dominant_beat_width_seconds"
      ],
      "per_target": {
        "mean_ibi_seconds": {
          "train_windows": 1024,
          "eval_windows": 1024,
          "model_mse": 0.2604251969954722,
          "null_mse": 0.034115859641634175,
          "model_mae": 0.4738266688460779,
          "null_mae": 0.13020914075974588,
          "model_corr": 0.27980237479461617,
          "null_corr": 0.0,
          "model_mse_std": 22.33776908536521,
          "null_mse_std": 2.9262613741511507,
          "model_mae_std": 4.388316055337254,
          "null_mae_std": 1.2059238124759915,
          "beats_null_mse": false
        },
        "amplitude_range": {
          "train_windows": 1024,
          "eval_windows": 1024,
          "model_mse": 92988866.27720045,
          "null_mse": 122598490.4970306,
          "model_mae": 5432.235608841986,
          "null_mae": 5477.050933699822,
          "model_corr": 0.3990062224690057,
          "null_corr": 0.0,
          "model_mse_std": 63.48295953652053,
          "null_mse_std": 83.6972782124321,
          "model_mae_std": 4.48840155540165,
          "null_mae_std": 4.525430356853179,
          "beats_null_mse": true
        },
        "rising_edge_slope_max": {
          "train_windows": 1024,
          "eval_windows": 1024,
          "model_mse": 11755014389.364767,
          "null_mse": 13168491374.283606,
          "model_mae": 38207.159643711995,
          "null_mae": 38301.049646822736,
          "model_corr": 0.29488777351420403,
          "null_corr": 0.0,
          "model_mse_std": 525.6763652380735,
          "null_mse_std": 588.8861086861168,
          "model_mae_std": 8.079647172596689,
          "null_mae_std": 8.099502040250888,
          "beats_null_mse": true
        },
        "dominant_beat_amplitude": {
          "train_windows": 1024,
          "eval_windows": 1022,
          "model_mse": 88881539.2276173,
          "null_mse": 111230962.2158537,
          "model_mae": 6449.84743450042,
          "null_mae": 5409.60216195686,
          "model_corr": 0.14415710440090307,
          "null_corr": 0.0,
          "model_mse_std": 50.67177424246313,
          "null_mse_std": 63.413283063648635,
          "model_mae_std": 4.869974800312949,
          "null_mae_std": 4.084534785664881,
          "beats_null_mse": true
        },
        "dominant_beat_rise_time_seconds": {
          "train_windows": 1024,
          "eval_windows": 1022,
          "model_mse": 0.23189739867354398,
          "null_mse": 0.01934659206561303,
          "model_mae": 0.44983537277952923,
          "null_mae": 0.11429236126505932,
          "model_corr": -0.14494663105519703,
          "null_corr": 0.0,
          "model_mse_std": 23.895352586625766,
          "null_mse_std": 1.993526626006869,
          "model_mae_std": 4.566278399248771,
          "null_mae_std": 1.1601816398275184,
          "beats_null_mse": false
        },